precision,recall,hmean,fps,model_path,label_path
0.3936082907092144,0.3392915898920768,0.3644371797137303,92.05183772503432,/home/output/det___MobileNetV3_large_x0_5___ai_hub_det_08_02_90_k_fold_5_1___default_config___finetune/trained_model/iter_epoch_5,['/home/dataset_labels/ai_hub_det_08_02_90_k_fold_5_1/train_label.txt']
0.3973163085862833,0.3388432446531038,0.3657575224353334,87.451231909025,/home/output/det___MobileNetV3_large_x0_5___ai_hub_det_08_02_90_k_fold_5_1___default_config___finetune/trained_model/iter_epoch_5,['/home/dataset_labels/ai_hub_det_08_02_90_k_fold_5_1/val_label.txt']
0.4449823900957629,0.3772621084495921,0.4083335188194181,91.66213033480524,/home/output/det___MobileNetV3_large_x0_5___ai_hub_det_08_02_90_k_fold_5_1___default_config___finetune/trained_model/iter_epoch_10,['/home/dataset_labels/ai_hub_det_08_02_90_k_fold_5_1/train_label.txt']
0.4411287831995059,0.3725547730829421,0.4039522058823529,87.91633535707892,/home/output/det___MobileNetV3_large_x0_5___ai_hub_det_08_02_90_k_fold_5_1___default_config___finetune/trained_model/iter_epoch_10,['/home/dataset_labels/ai_hub_det_08_02_90_k_fold_5_1/val_label.txt']
0.4353017400962606,0.3868616741247697,0.4096547158635587,91.71252999223108,/home/output/det___MobileNetV3_large_x0_5___ai_hub_det_08_02_90_k_fold_5_1___default_config___finetune/trained_model/iter_epoch_15,['/home/dataset_labels/ai_hub_det_08_02_90_k_fold_5_1/train_label.txt']
0.4334824233911211,0.3823356807511737,0.406305760069294,87.61166648396072,/home/output/det___MobileNetV3_large_x0_5___ai_hub_det_08_02_90_k_fold_5_1___default_config___finetune/trained_model/iter_epoch_15,['/home/dataset_labels/ai_hub_det_08_02_90_k_fold_5_1/val_label.txt']
0.4541322041251308,0.3960993024480126,0.4231352234832009,92.13385605526949,/home/output/det___MobileNetV3_large_x0_5___ai_hub_det_08_02_90_k_fold_5_1___default_config___finetune/trained_model/iter_epoch_20,['/home/dataset_labels/ai_hub_det_08_02_90_k_fold_5_1/train_label.txt']
0.4503176811158314,0.3905190401669275,0.4182919802343245,87.790953757181,/home/output/det___MobileNetV3_large_x0_5___ai_hub_det_08_02_90_k_fold_5_1___default_config___finetune/trained_model/iter_epoch_20,['/home/dataset_labels/ai_hub_det_08_02_90_k_fold_5_1/val_label.txt']
0.4499110258373015,0.3722772440115821,0.4074289135258981,91.36133385649383,/home/output/det___MobileNetV3_large_x0_5___ai_hub_det_08_02_90_k_fold_5_1___default_config___finetune/trained_model/iter_epoch_25,['/home/dataset_labels/ai_hub_det_08_02_90_k_fold_5_1/train_label.txt']
0.4495029193624744,0.3714788732394366,0.4067832916815423,87.48457227017393,/home/output/det___MobileNetV3_large_x0_5___ai_hub_det_08_02_90_k_fold_5_1___default_config___finetune/trained_model/iter_epoch_25,['/home/dataset_labels/ai_hub_det_08_02_90_k_fold_5_1/val_label.txt']
0.4423102813804245,0.405369834166886,0.4230351570715461,91.77155712893726,/home/output/det___MobileNetV3_large_x0_5___ai_hub_det_08_02_90_k_fold_5_1___default_config___finetune/trained_model/iter_epoch_30,['/home/dataset_labels/ai_hub_det_08_02_90_k_fold_5_1/train_label.txt']
0.4351911168054665,0.3986697965571205,0.4161306789178152,87.95903618540001,/home/output/det___MobileNetV3_large_x0_5___ai_hub_det_08_02_90_k_fold_5_1___default_config___finetune/trained_model/iter_epoch_30,['/home/dataset_labels/ai_hub_det_08_02_90_k_fold_5_1/val_label.txt']
0.4107425122657196,0.3286682271775286,0.3651502639371113,91.52522709618755,/home/output/det___MobileNetV3_large_x0_5___ai_hub_det_08_02_90_k_fold_5_2___default_config___finetune/trained_model/iter_epoch_5,['/home/dataset_labels/ai_hub_det_08_02_90_k_fold_5_2/train_label.txt']
0.4102006483115178,0.3279317697228145,0.3644815516989937,86.81255893970878,/home/output/det___MobileNetV3_large_x0_5___ai_hub_det_08_02_90_k_fold_5_2___default_config___finetune/trained_model/iter_epoch_5,['/home/dataset_labels/ai_hub_det_08_02_90_k_fold_5_2/val_label.txt']
0.4228329620583841,0.3881811835242906,0.4047667985543737,91.62682827743008,/home/output/det___MobileNetV3_large_x0_5___ai_hub_det_08_02_90_k_fold_5_2___default_config___finetune/trained_model/iter_epoch_10,['/home/dataset_labels/ai_hub_det_08_02_90_k_fold_5_2/train_label.txt']
0.4248916184971098,0.3857962932589798,0.4044012722427577,87.80999171813662,/home/output/det___MobileNetV3_large_x0_5___ai_hub_det_08_02_90_k_fold_5_2___default_config___finetune/trained_model/iter_epoch_10,['/home/dataset_labels/ai_hub_det_08_02_90_k_fold_5_2/val_label.txt']
0.4521777998510057,0.3738901893146072,0.4093242817965202,91.69101257809828,/home/output/det___MobileNetV3_large_x0_5___ai_hub_det_08_02_90_k_fold_5_2___default_config___finetune/trained_model/iter_epoch_15,['/home/dataset_labels/ai_hub_det_08_02_90_k_fold_5_2/train_label.txt']
0.4510485320551228,0.3704116778743644,0.4067723342939481,87.12560576284315,/home/output/det___MobileNetV3_large_x0_5___ai_hub_det_08_02_90_k_fold_5_2___default_config___finetune/trained_model/iter_epoch_15,['/home/dataset_labels/ai_hub_det_08_02_90_k_fold_5_2/val_label.txt']
0.4242160819621235,0.392788797174654,0.4078979913855601,92.33124913569964,/home/output/det___MobileNetV3_large_x0_5___ai_hub_det_08_02_90_k_fold_5_2___default_config___finetune/trained_model/iter_epoch_20,['/home/dataset_labels/ai_hub_det_08_02_90_k_fold_5_2/train_label.txt']
0.42261841215615104,0.3895686403149089,0.4054210903628853,86.88849988685988,/home/output/det___MobileNetV3_large_x0_5___ai_hub_det_08_02_90_k_fold_5_2___default_config___finetune/trained_model/iter_epoch_20,['/home/dataset_labels/ai_hub_det_08_02_90_k_fold_5_2/val_label.txt']
0.4438389122292193,0.4,0.4207807019059633,92.4756965046896,/home/output/det___MobileNetV3_large_x0_5___ai_hub_det_08_02_90_k_fold_5_2___default_config___finetune/trained_model/iter_epoch_25,['/home/dataset_labels/ai_hub_det_08_02_90_k_fold_5_2/train_label.txt']
0.4433016105417277,0.3972773495161555,0.4190294957183634,88.32978673233427,/home/output/det___MobileNetV3_large_x0_5___ai_hub_det_08_02_90_k_fold_5_2___default_config___finetune/trained_model/iter_epoch_25,['/home/dataset_labels/ai_hub_det_08_02_90_k_fold_5_2/val_label.txt']
0.4403277861386828,0.4157283068457147,0.4276746033087179,91.6572917946842,/home/output/det___MobileNetV3_large_x0_5___ai_hub_det_08_02_90_k_fold_5_2___default_config___finetune/trained_model/iter_epoch_30,['/home/dataset_labels/ai_hub_det_08_02_90_k_fold_5_2/train_label.txt']
0.4347810943540803,0.4094800721666393,0.4217514696938982,87.94025714329975,/home/output/det___MobileNetV3_large_x0_5___ai_hub_det_08_02_90_k_fold_5_2___default_config___finetune/trained_model/iter_epoch_30,['/home/dataset_labels/ai_hub_det_08_02_90_k_fold_5_2/val_label.txt']
0.4435337443451679,0.35474475312187204,0.3942014450801177,91.81706161752844,/home/output/det___MobileNetV3_large_x0_5___ai_hub_det_08_02_90_k_fold_5_3___default_config___finetune/trained_model/iter_epoch_5,['/home/dataset_labels/ai_hub_det_08_02_90_k_fold_5_3/train_label.txt']
0.43904532265315294,0.3538770670004612,0.3918872088569501,87.94330791636268,/home/output/det___MobileNetV3_large_x0_5___ai_hub_det_08_02_90_k_fold_5_3___default_config___finetune/trained_model/iter_epoch_5,['/home/dataset_labels/ai_hub_det_08_02_90_k_fold_5_3/val_label.txt']
0.4440759903314089,0.3647790485879785,0.4005405405405405,92.34581168621462,/home/output/det___MobileNetV3_large_x0_5___ai_hub_det_08_02_90_k_fold_5_3___default_config___finetune/trained_model/iter_epoch_10,['/home/dataset_labels/ai_hub_det_08_02_90_k_fold_5_3/train_label.txt']
0.4407537142166928,0.3605968772646419,0.3966663647069481,87.15117940940362,/home/output/det___MobileNetV3_large_x0_5___ai_hub_det_08_02_90_k_fold_5_3___default_config___finetune/trained_model/iter_epoch_10,['/home/dataset_labels/ai_hub_det_08_02_90_k_fold_5_3/val_label.txt']
0.4408978525988277,0.3906483319932393,0.414254827665711,91.73782525478005,/home/output/det___MobileNetV3_large_x0_5___ai_hub_det_08_02_90_k_fold_5_3___default_config___finetune/trained_model/iter_epoch_15,['/home/dataset_labels/ai_hub_det_08_02_90_k_fold_5_3/train_label.txt']
0.4399119205792342,0.3882666842347981,0.4124790033594625,88.18793699175401,/home/output/det___MobileNetV3_large_x0_5___ai_hub_det_08_02_90_k_fold_5_3___default_config___finetune/trained_model/iter_epoch_15,['/home/dataset_labels/ai_hub_det_08_02_90_k_fold_5_3/val_label.txt']
0.455376349136271,0.3977453602664872,0.4246142796456146,91.39305425656325,/home/output/det___MobileNetV3_large_x0_5___ai_hub_det_08_02_90_k_fold_5_3___default_config___finetune/trained_model/iter_epoch_20,['/home/dataset_labels/ai_hub_det_08_02_90_k_fold_5_3/train_label.txt']
0.4551831349055888,0.3954476579484814,0.4232179369667912,87.30859550436138,/home/output/det___MobileNetV3_large_x0_5___ai_hub_det_08_02_90_k_fold_5_3___default_config___finetune/trained_model/iter_epoch_20,['/home/dataset_labels/ai_hub_det_08_02_90_k_fold_5_3/val_label.txt']
0.4528717860619595,0.389319177565186,0.4186976087531986,92.8879884424392,/home/output/det___MobileNetV3_large_x0_5___ai_hub_det_08_02_90_k_fold_5_3___default_config___finetune/trained_model/iter_epoch_25,['/home/dataset_labels/ai_hub_det_08_02_90_k_fold_5_3/train_label.txt']
0.4493741575197381,0.3843467949140259,0.4143245210659943,87.43353687004172,/home/output/det___MobileNetV3_large_x0_5___ai_hub_det_08_02_90_k_fold_5_3___default_config___finetune/trained_model/iter_epoch_25,['/home/dataset_labels/ai_hub_det_08_02_90_k_fold_5_3/val_label.txt']
0.4618780058540625,0.4026435404735728,0.4302314877724836,92.35848403236055,/home/output/det___MobileNetV3_large_x0_5___ai_hub_det_08_02_90_k_fold_5_3___default_config___finetune/trained_model/iter_epoch_30,['/home/dataset_labels/ai_hub_det_08_02_90_k_fold_5_3/train_label.txt']
0.458153613318199,0.3988734435733579,0.4264633373247869,87.71644271546478,/home/output/det___MobileNetV3_large_x0_5___ai_hub_det_08_02_90_k_fold_5_3___default_config___finetune/trained_model/iter_epoch_30,['/home/dataset_labels/ai_hub_det_08_02_90_k_fold_5_3/val_label.txt']
0.4311701573825637,0.3531934785461225,0.3883058335587412,91.636780790783,/home/output/det___MobileNetV3_large_x0_5___ai_hub_det_08_02_90_k_fold_5_4___default_config___finetune/trained_model/iter_epoch_5,['/home/dataset_labels/ai_hub_det_08_02_90_k_fold_5_4/train_label.txt']
0.4316402328849628,0.3547386483632523,0.3894292597221467,86.49077728582817,/home/output/det___MobileNetV3_large_x0_5___ai_hub_det_08_02_90_k_fold_5_4___default_config___finetune/trained_model/iter_epoch_5,['/home/dataset_labels/ai_hub_det_08_02_90_k_fold_5_4/val_label.txt']
0.4493755423178543,0.3780015745965096,0.4106100086857753,91.187937176646,/home/output/det___MobileNetV3_large_x0_5___ai_hub_det_08_02_90_k_fold_5_4___default_config___finetune/trained_model/iter_epoch_10,['/home/dataset_labels/ai_hub_det_08_02_90_k_fold_5_4/train_label.txt']
0.4485766579695471,0.3801148363252375,0.4115177821838772,87.37399236306463,/home/output/det___MobileNetV3_large_x0_5___ai_hub_det_08_02_90_k_fold_5_4___default_config___finetune/trained_model/iter_epoch_10,['/home/dataset_labels/ai_hub_det_08_02_90_k_fold_5_4/val_label.txt']
0.4515021719979343,0.3656754362944495,0.4040816881369142,92.25026730377449,/home/output/det___MobileNetV3_large_x0_5___ai_hub_det_08_02_90_k_fold_5_4___default_config___finetune/trained_model/iter_epoch_15,['/home/dataset_labels/ai_hub_det_08_02_90_k_fold_5_4/train_label.txt']
0.4466902882911902,0.3660902851108764,0.4023939064200217,87.60415194719921,/home/output/det___MobileNetV3_large_x0_5___ai_hub_det_08_02_90_k_fold_5_4___default_config___finetune/trained_model/iter_epoch_15,['/home/dataset_labels/ai_hub_det_08_02_90_k_fold_5_4/val_label.txt']
0.4670424612791066,0.363526768140664,0.4088339190024257,86.20541475318531,/home/output/det___MobileNetV3_large_x0_5___ai_hub_det_08_02_90_k_fold_5_4___default_config___finetune/trained_model/iter_epoch_20,['/home/dataset_labels/ai_hub_det_08_02_90_k_fold_5_4/train_label.txt']
0.4612280922960534,0.3621304118268216,0.4057156589089968,22.55343496839005,/home/output/det___MobileNetV3_large_x0_5___ai_hub_det_08_02_90_k_fold_5_4___default_config___finetune/trained_model/iter_epoch_20,['/home/dataset_labels/ai_hub_det_08_02_90_k_fold_5_4/val_label.txt']
0.4417089865312431,0.3960863252375924,0.4176554507811685,11.055880977372787,/home/output/det___MobileNetV3_large_x0_5___ai_hub_det_08_02_90_k_fold_5_4___default_config___finetune/trained_model/iter_epoch_25,['/home/dataset_labels/ai_hub_det_08_02_90_k_fold_5_4/val_label.txt']
0.36651562572990143,0.25737247826800064,0.3023972866723194,10.452407065334565,/home/output/det___MobileNetV3_large_x0_5___ai_hub_det_08_02_90_k_fold_5_2___default_config___finetune/trained_model/iter_epoch_1,['/home/dataset_labels/ai_hub_det_08_02_90_k_fold_5_2/val_label.txt']
0.4269609018949389,0.3510732717530653,0.3853161360151529,9.596636642313278,/home/output/det___MobileNetV3_large_x0_5___ai_hub_det_08_02_90_k_fold_5_5___default_config___finetune/trained_model/iter_epoch_8,['/home/dataset_labels/ai_hub_det_08_02_90_k_fold_5_5/val_label.txt']
0.4360939677483576,0.3594460215618385,0.3940775921778162,11.057828522944703,/home/output/det___MobileNetV3_large_x0_5___ai_hub_det_08_02_90_k_fold_5_3___default_config___finetune/trained_model/iter_epoch_8,['/home/dataset_labels/ai_hub_det_08_02_90_k_fold_5_3/train_label.txt']
0.3756953308896722,0.2638934588049487,0.3100227581308376,10.977678704581649,/home/output/det___MobileNetV3_large_x0_5___ai_hub_det_08_02_90_k_fold_5_1___default_config___finetune/trained_model/iter_epoch_1,['/home/dataset_labels/ai_hub_det_08_02_90_k_fold_5_1/train_label.txt']
0.4316566978443258,0.3542064694643916,0.3891150554560423,12.688775723358168,/home/output/det___MobileNetV3_large_x0_5___ai_hub_det_08_02_90_k_fold_5_3___default_config___finetune/trained_model/iter_epoch_8,['/home/dataset_labels/ai_hub_det_08_02_90_k_fold_5_3/val_label.txt']
0.4247143155933299,0.3669171697260893,0.3937058530631309,11.559197895050225,/home/output/det___MobileNetV3_large_x0_5___ai_hub_det_08_02_90_k_fold_5_2___default_config___finetune/trained_model/iter_epoch_8,['/home/dataset_labels/ai_hub_det_08_02_90_k_fold_5_2/train_label.txt']
0.3584018083514067,0.2889450742495013,0.31994727991637506,9.046348587095935,/home/output/det___MobileNetV3_large_x0_5___ai_hub_det_08_02_90_k_fold_5_5___default_config___finetune/trained_model/iter_epoch_1,['/home/dataset_labels/ai_hub_det_08_02_90_k_fold_5_5/train_label.txt']
0.3790454016298021,0.2653886280646844,0.3121943735977141,8.727515804528764,/home/output/det___MobileNetV3_large_x0_5___ai_hub_det_08_02_90_k_fold_5_1___default_config___finetune/trained_model/iter_epoch_1,['/home/dataset_labels/ai_hub_det_08_02_90_k_fold_5_1/val_label.txt']
0.4337005231115317,0.398438525127936,0.4153224082955061,9.340294540685665,/home/output/det___MobileNetV3_large_x0_5___ai_hub_det_08_02_90_k_fold_5_4___default_config___finetune/trained_model/iter_epoch_30,['/home/dataset_labels/ai_hub_det_08_02_90_k_fold_5_4/train_label.txt']
0.4388734478414749,0.3603460872277723,0.395751912405732,9.423293108646767,/home/output/det___MobileNetV3_large_x0_5___ai_hub_det_08_02_90_k_fold_5_5___default_config___finetune/trained_model/iter_epoch_11,['/home/dataset_labels/ai_hub_det_08_02_90_k_fold_5_5/train_label.txt']
0.3569351320785201,0.2904901219552283,0.32030301382772425,12.134704913045493,/home/output/det___MobileNetV3_large_x0_5___ai_hub_det_08_02_90_k_fold_5_5___default_config___finetune/trained_model/iter_epoch_1,['/home/dataset_labels/ai_hub_det_08_02_90_k_fold_5_5/val_label.txt']
0.4240571233240913,0.3662456946039036,0.3930369275178653,15.831321982584381,/home/output/det___MobileNetV3_large_x0_5___ai_hub_det_08_02_90_k_fold_5_2___default_config___finetune/trained_model/iter_epoch_8,['/home/dataset_labels/ai_hub_det_08_02_90_k_fold_5_2/val_label.txt']
0.4293015941096576,0.3963503167898627,0.4121684224975121,6.335915706348318,/home/output/det___MobileNetV3_large_x0_5___ai_hub_det_08_02_90_k_fold_5_4___default_config___finetune/trained_model/iter_epoch_30,['/home/dataset_labels/ai_hub_det_08_02_90_k_fold_5_4/val_label.txt']
0.4326156774116807,0.3586667104960389,0.3921857589590597,5.499967198636619,/home/output/det___MobileNetV3_large_x0_5___ai_hub_det_08_02_90_k_fold_5_5___default_config___finetune/trained_model/iter_epoch_11,['/home/dataset_labels/ai_hub_det_08_02_90_k_fold_5_5/val_label.txt']
0.4204275071186177,0.3546492498025796,0.3847471844937443,14.227192832974849,/home/output/det___MobileNetV3_large_x0_5___ai_hub_det_08_02_90_k_fold_5_1___default_config___finetune/trained_model/iter_epoch_8,['/home/dataset_labels/ai_hub_det_08_02_90_k_fold_5_1/train_label.txt']
0.4137154967073,0.3874409526308884,0.4001473776934544,14.577092665292847,/home/output/det___MobileNetV3_large_x0_5___ai_hub_det_08_02_90_k_fold_5_4___default_config___finetune/trained_model/iter_epoch_8,['/home/dataset_labels/ai_hub_det_08_02_90_k_fold_5_4/train_label.txt']
0.433096965251175,0.39278058395959103,0.4119547240024809,15.320379093637822,/home/output/det___MobileNetV3_large_x0_5___ai_hub_det_08_02_90_k_fold_5_2___default_config___finetune/trained_model/iter_epoch_11,['/home/dataset_labels/ai_hub_det_08_02_90_k_fold_5_2/train_label.txt']
0.4099824253075571,0.3848996832101373,0.3970453075535283,14.815311121299258,/home/output/det___MobileNetV3_large_x0_5___ai_hub_det_08_02_90_k_fold_5_4___default_config___finetune/trained_model/iter_epoch_8,['/home/dataset_labels/ai_hub_det_08_02_90_k_fold_5_4/val_label.txt']
0.4173365955959455,0.3503521126760563,0.3809219971287286,14.479697236820233,/home/output/det___MobileNetV3_large_x0_5___ai_hub_det_08_02_90_k_fold_5_1___default_config___finetune/trained_model/iter_epoch_8,['/home/dataset_labels/ai_hub_det_08_02_90_k_fold_5_1/val_label.txt']
0.4316037735849057,0.3901918976545842,0.4098544232922733,13.6248090187246,/home/output/det___MobileNetV3_large_x0_5___ai_hub_det_08_02_90_k_fold_5_2___default_config___finetune/trained_model/iter_epoch_11,['/home/dataset_labels/ai_hub_det_08_02_90_k_fold_5_2/val_label.txt']
0.4445141742089213,0.3719335094599695,0.40499769948584624,7.188470197119773,/home/output/det___MobileNetV3_large_x0_5___ai_hub_det_08_02_90_k_fold_5_3___default_config___finetune/trained_model/iter_epoch_11,['/home/dataset_labels/ai_hub_det_08_02_90_k_fold_5_3/train_label.txt']
0.4061517970489688,0.3204097882924667,0.3582215573533528,6.6332799528415896,/home/output/det___MobileNetV3_large_x0_5___ai_hub_det_08_02_90_k_fold_5_5___default_config___finetune/trained_model/iter_epoch_5,['/home/dataset_labels/ai_hub_det_08_02_90_k_fold_5_5/train_label.txt']
0.4418934911242604,0.3689966400948679,0.4021684497738206,7.684169890262757,/home/output/det___MobileNetV3_large_x0_5___ai_hub_det_08_02_90_k_fold_5_3___default_config___finetune/trained_model/iter_epoch_11,['/home/dataset_labels/ai_hub_det_08_02_90_k_fold_5_3/val_label.txt']
0.4072785989318097,0.3233621511455902,0.3605013376333052,7.7783840867488525,/home/output/det___MobileNetV3_large_x0_5___ai_hub_det_08_02_90_k_fold_5_5___default_config___finetune/trained_model/iter_epoch_5,['/home/dataset_labels/ai_hub_det_08_02_90_k_fold_5_5/val_label.txt']
0.4314295085039592,0.3779377601195216,0.4029159774913142,7.1885952621143625,/home/output/det___MobileNetV3_large_x0_5___ai_hub_det_08_02_90_k_fold_5_5___default_config___finetune/trained_model/iter_epoch_14,['/home/dataset_labels/ai_hub_det_08_02_90_k_fold_5_5/train_label.txt']
0.4499209303696137,0.3756560818790185,0.4094482558269459,11.90618506607974,/home/output/det___MobileNetV3_large_x0_5___ai_hub_det_08_02_90_k_fold_5_4___default_config___finetune/trained_model/iter_epoch_11,['/home/dataset_labels/ai_hub_det_08_02_90_k_fold_5_4/train_label.txt']
0.4468210592537255,0.37391418794419584,0.4071294223018361,11.442897605186054,/home/output/det___MobileNetV3_large_x0_5___ai_hub_det_08_02_90_k_fold_5_1___default_config___finetune/trained_model/iter_epoch_11,['/home/dataset_labels/ai_hub_det_08_02_90_k_fold_5_1/train_label.txt']
0.4280917739227756,0.37720653495940304,0.40104148463984907,7.929185291011791,/home/output/det___MobileNetV3_large_x0_5___ai_hub_det_08_02_90_k_fold_5_5___default_config___finetune/trained_model/iter_epoch_14,['/home/dataset_labels/ai_hub_det_08_02_90_k_fold_5_5/val_label.txt']
0.4476764671338527,0.3773429250263992,0.4095117016133364,11.231346827265778,/home/output/det___MobileNetV3_large_x0_5___ai_hub_det_08_02_90_k_fold_5_4___default_config___finetune/trained_model/iter_epoch_11,['/home/dataset_labels/ai_hub_det_08_02_90_k_fold_5_4/val_label.txt']
0.4403588508012996,0.3962958400065706,0.4171670405962123,11.281840658297215,/home/output/det___MobileNetV3_large_x0_5___ai_hub_det_08_02_90_k_fold_5_2___default_config___finetune/trained_model/iter_epoch_14,['/home/dataset_labels/ai_hub_det_08_02_90_k_fold_5_2/train_label.txt']
0.4488613978409897,0.37144627021387583,0.4065008741570628,10.623778245974515,/home/output/det___MobileNetV3_large_x0_5___ai_hub_det_08_02_90_k_fold_5_1___default_config___finetune/trained_model/iter_epoch_11,['/home/dataset_labels/ai_hub_det_08_02_90_k_fold_5_1/val_label.txt']
0.4421876147799897,0.3949155322289651,0.4172168217497531,10.568685214969095,/home/output/det___MobileNetV3_large_x0_5___ai_hub_det_08_02_90_k_fold_5_2___default_config___finetune/trained_model/iter_epoch_14,['/home/dataset_labels/ai_hub_det_08_02_90_k_fold_5_2/val_label.txt']
0.4478450644355282,0.35440836218637706,0.3956855291180984,8.647611280793944,/home/output/det___MobileNetV3_large_x0_5___ai_hub_det_08_02_90_k_fold_5_3___default_config___finetune/trained_model/iter_epoch_14,['/home/dataset_labels/ai_hub_det_08_02_90_k_fold_5_3/train_label.txt']
0.4471276874408108,0.3643191948710792,0.40149812056432826,8.671767032415596,/home/output/det___MobileNetV3_large_x0_5___ai_hub_det_08_02_90_k_fold_5_5___default_config___finetune/trained_model/iter_epoch_10,['/home/dataset_labels/ai_hub_det_08_02_90_k_fold_5_5/train_label.txt']
0.4442619838633128,0.38383250229628657,0.4118423484068531,11.369485063672647,/home/output/det___MobileNetV3_large_x0_5___ai_hub_det_08_02_90_k_fold_5_4___default_config___finetune/trained_model/iter_epoch_14,['/home/dataset_labels/ai_hub_det_08_02_90_k_fold_5_4/train_label.txt']
0.4451853385794161,0.35407470847881944,0.3944370034676991,8.634463953624973,/home/output/det___MobileNetV3_large_x0_5___ai_hub_det_08_02_90_k_fold_5_3___default_config___finetune/trained_model/iter_epoch_14,['/home/dataset_labels/ai_hub_det_08_02_90_k_fold_5_3/val_label.txt']
0.4291461141190427,0.3957620426428008,0.4117785509181399,10.841319748268774,/home/output/det___MobileNetV3_large_x0_5___ai_hub_det_08_02_90_k_fold_5_1___default_config___finetune/trained_model/iter_epoch_14,['/home/dataset_labels/ai_hub_det_08_02_90_k_fold_5_1/train_label.txt']
0.4433654381915148,0.3661944051806318,0.4011017696725296,8.707897715409848,/home/output/det___MobileNetV3_large_x0_5___ai_hub_det_08_02_90_k_fold_5_5___default_config___finetune/trained_model/iter_epoch_10,['/home/dataset_labels/ai_hub_det_08_02_90_k_fold_5_5/val_label.txt']
0.4432891529555149,0.3840747096092925,0.4115629420084865,11.3538955061642,/home/output/det___MobileNetV3_large_x0_5___ai_hub_det_08_02_90_k_fold_5_4___default_config___finetune/trained_model/iter_epoch_14,['/home/dataset_labels/ai_hub_det_08_02_90_k_fold_5_4/val_label.txt']
0.4339735297044482,0.3937891461923017,0.4129059468578659,8.740519818213954,/home/output/det___MobileNetV3_large_x0_5___ai_hub_det_08_02_90_k_fold_5_5___default_config___finetune/trained_model/iter_epoch_17,['/home/dataset_labels/ai_hub_det_08_02_90_k_fold_5_5/train_label.txt']
0.4481946184483629,0.39372510369184016,0.4191978593258801,10.867126831479867,/home/output/det___MobileNetV3_large_x0_5___ai_hub_det_08_02_90_k_fold_5_2___default_config___finetune/trained_model/iter_epoch_17,['/home/dataset_labels/ai_hub_det_08_02_90_k_fold_5_2/train_label.txt']
0.42703969324717744,0.3921491914449661,0.40885142255005263,9.314207607087383,/home/output/det___MobileNetV3_large_x0_5___ai_hub_det_08_02_90_k_fold_5_1___default_config___finetune/trained_model/iter_epoch_14,['/home/dataset_labels/ai_hub_det_08_02_90_k_fold_5_1/val_label.txt']
0.426651374502706,0.3913086354820683,0.4082164534823909,10.496906326340744,/home/output/det___MobileNetV3_large_x0_5___ai_hub_det_08_02_90_k_fold_5_5___default_config___finetune/trained_model/iter_epoch_17,['/home/dataset_labels/ai_hub_det_08_02_90_k_fold_5_5/val_label.txt']
0.4443442314919203,0.3878628833852714,0.4141868815132674,9.062326298667397,/home/output/det___MobileNetV3_large_x0_5___ai_hub_det_08_02_90_k_fold_5_2___default_config___finetune/trained_model/iter_epoch_17,['/home/dataset_labels/ai_hub_det_08_02_90_k_fold_5_2/val_label.txt']
0.463683574754535,0.3684793488784234,0.4106355062425996,10.255981626125426,/home/output/det___MobileNetV3_large_x0_5___ai_hub_det_08_02_90_k_fold_5_3___default_config___finetune/trained_model/iter_epoch_17,['/home/dataset_labels/ai_hub_det_08_02_90_k_fold_5_3/train_label.txt']
0.4302748192490088,0.3634654692617736,0.39405846308566544,10.358581408672089,/home/output/det___MobileNetV3_large_x0_5___ai_hub_det_08_02_90_k_fold_5_5___default_config___finetune/trained_model/iter_epoch_15,['/home/dataset_labels/ai_hub_det_08_02_90_k_fold_5_5/train_label.txt']
0.4407660144442232,0.39940624589948825,0.4190681065266961,8.68157029470469,/home/output/det___MobileNetV3_large_x0_5___ai_hub_det_08_02_90_k_fold_5_4___default_config___finetune/trained_model/iter_epoch_17,['/home/dataset_labels/ai_hub_det_08_02_90_k_fold_5_4/train_label.txt']
0.4219419048721213,0.3595542552841787,0.3882578446684651,14.192404757064647,/home/output/det___MobileNetV3_large_x0_5___ai_hub_det_08_02_90_k_fold_5_5___default_config___finetune/trained_model/iter_epoch_15,['/home/dataset_labels/ai_hub_det_08_02_90_k_fold_5_5/val_label.txt']
0.4612703812803386,0.3662296593978523,0.4082921723802354,7.251513958569746,/home/output/det___MobileNetV3_large_x0_5___ai_hub_det_08_02_90_k_fold_5_3___default_config___finetune/trained_model/iter_epoch_17,['/home/dataset_labels/ai_hub_det_08_02_90_k_fold_5_3/val_label.txt']
0.4558988047339601,0.3813608714568335,0.4153119286969038,10.786227102338168,/home/output/det___MobileNetV3_large_x0_5___ai_hub_det_08_02_90_k_fold_5_5___default_config___finetune/trained_model/iter_epoch_20,['/home/dataset_labels/ai_hub_det_08_02_90_k_fold_5_5/train_label.txt']
0.4210927460451101,0.3908429849960516,0.40540436769153976,9.315821576592477,/home/output/det___MobileNetV3_large_x0_5___ai_hub_det_08_02_90_k_fold_5_1___default_config___finetune/trained_model/iter_epoch_17,['/home/dataset_labels/ai_hub_det_08_02_90_k_fold_5_1/train_label.txt']
0.4358714166636466,0.3968782998944034,0.4154619410332142,11.071987328871186,/home/output/det___MobileNetV3_large_x0_5___ai_hub_det_08_02_90_k_fold_5_4___default_config___finetune/trained_model/iter_epoch_17,['/home/dataset_labels/ai_hub_det_08_02_90_k_fold_5_4/val_label.txt']
0.4391360651188605,0.3899223851176543,0.4130685402301351,10.240686704712756,/home/output/det___MobileNetV3_large_x0_5___ai_hub_det_08_02_90_k_fold_5_2___default_config___finetune/trained_model/iter_epoch_23,['/home/dataset_labels/ai_hub_det_08_02_90_k_fold_5_2/train_label.txt']
0.4193013993162032,0.38784559207094416,0.4029605541723829,11.847143500133901,/home/output/det___MobileNetV3_large_x0_5___ai_hub_det_08_02_90_k_fold_5_1___default_config___finetune/trained_model/iter_epoch_17,['/home/dataset_labels/ai_hub_det_08_02_90_k_fold_5_1/val_label.txt']
0.4468739057697545,0.37756812728049705,0.4093079609436248,7.9983097718130045,/home/output/det___MobileNetV3_large_x0_5___ai_hub_det_08_02_90_k_fold_5_5___default_config___finetune/trained_model/iter_epoch_20,['/home/dataset_labels/ai_hub_det_08_02_90_k_fold_5_5/val_label.txt']
0.4409702904194948,0.3899950795473184,0.4139191588622359,9.879287685578392,/home/output/det___MobileNetV3_large_x0_5___ai_hub_det_08_02_90_k_fold_5_2___default_config___finetune/trained_model/iter_epoch_23,['/home/dataset_labels/ai_hub_det_08_02_90_k_fold_5_2/val_label.txt']
0.4528799261895347,0.3946768185622159,0.4217799210872424,10.594293239006431,/home/output/det___MobileNetV3_large_x0_5___ai_hub_det_08_02_90_k_fold_5_3___default_config___finetune/trained_model/iter_epoch_23,['/home/dataset_labels/ai_hub_det_08_02_90_k_fold_5_3/train_label.txt']
0.4558988047339601,0.3813608714568335,0.4153119286969038,8.661893459414419,/home/output/det___MobileNetV3_large_x0_5___ai_hub_det_08_02_90_k_fold_5_5___default_config___finetune/trained_model/iter_epoch_20,['/home/dataset_labels/ai_hub_det_08_02_90_k_fold_5_5/train_label.txt']
0.4427361731048291,0.3953385382495736,0.4176970600213155,9.608189991226752,/home/output/det___MobileNetV3_large_x0_5___ai_hub_det_08_02_90_k_fold_5_4___default_config___finetune/trained_model/iter_epoch_23,['/home/dataset_labels/ai_hub_det_08_02_90_k_fold_5_4/train_label.txt']
0.4483227561196736,0.3909348441926346,0.4176667253211332,8.795661720120455,/home/output/det___MobileNetV3_large_x0_5___ai_hub_det_08_02_90_k_fold_5_3___default_config___finetune/trained_model/iter_epoch_23,['/home/dataset_labels/ai_hub_det_08_02_90_k_fold_5_3/val_label.txt']
0.4571789514600845,0.3869932877072914,0.4191684523305698,10.019408030557297,/home/output/det___MobileNetV3_large_x0_5___ai_hub_det_08_02_90_k_fold_5_1___default_config___finetune/trained_model/iter_epoch_23,['/home/dataset_labels/ai_hub_det_08_02_90_k_fold_5_1/train_label.txt']
0.4567847057925666,0.3930585540843383,0.4225323526427025,10.25331956527042,/home/output/det___MobileNetV3_large_x0_5___ai_hub_det_08_02_90_k_fold_5_5___default_config___finetune/trained_model/iter_epoch_23,['/home/dataset_labels/ai_hub_det_08_02_90_k_fold_5_5/train_label.txt']
0.4468739057697545,0.37756812728049705,0.4093079609436248,8.338027595179996,/home/output/det___MobileNetV3_large_x0_5___ai_hub_det_08_02_90_k_fold_5_5___default_config___finetune/trained_model/iter_epoch_20,['/home/dataset_labels/ai_hub_det_08_02_90_k_fold_5_5/val_label.txt']
0.42528038288800696,0.4145291774465114,0.4198359619351833,10.516847560992504,/home/output/det___MobileNetV3_large_x0_5___ai_hub_det_08_02_90_k_fold_5_2___default_config___finetune/trained_model/iter_epoch_26,['/home/dataset_labels/ai_hub_det_08_02_90_k_fold_5_2/train_label.txt']
0.4551289486911804,0.3837702138758477,0.41641461041832495,13.595690036182035,/home/output/det___MobileNetV3_large_x0_5___ai_hub_det_08_02_90_k_fold_5_1___default_config___finetune/trained_model/iter_epoch_23,['/home/dataset_labels/ai_hub_det_08_02_90_k_fold_5_1/val_label.txt']
0.4492065902361248,0.38897472140955264,0.4169265190352871,14.135439216840716,/home/output/det___MobileNetV3_large_x0_5___ai_hub_det_08_02_90_k_fold_5_5___default_config___finetune/trained_model/iter_epoch_23,['/home/dataset_labels/ai_hub_det_08_02_90_k_fold_5_5/val_label.txt']
0.4423083991913251,0.3970762935586061,0.4184736302144013,8.309206570912053,/home/output/det___MobileNetV3_large_x0_5___ai_hub_det_08_02_90_k_fold_5_4___default_config___finetune/trained_model/iter_epoch_23,['/home/dataset_labels/ai_hub_det_08_02_90_k_fold_5_4/val_label.txt']
0.4204724938669893,0.41043135968509104,0.4153912552704093,8.612815474581831,/home/output/det___MobileNetV3_large_x0_5___ai_hub_det_08_02_90_k_fold_5_2___default_config___finetune/trained_model/iter_epoch_26,['/home/dataset_labels/ai_hub_det_08_02_90_k_fold_5_2/val_label.txt']
0.4284958110500666,0.3862200579099763,0.4062610862586636,11.703466790121059,/home/output/det___MobileNetV3_large_x0_5___ai_hub_det_08_02_90_k_fold_5_1___default_config___finetune/trained_model/iter_epoch_26,['/home/dataset_labels/ai_hub_det_08_02_90_k_fold_5_1/train_label.txt']
0.46888971506468,0.40377116870110574,0.4339008468595624,11.735377164437267,/home/output/det___MobileNetV3_large_x0_5___ai_hub_det_08_02_90_k_fold_5_5___default_config___finetune/trained_model/iter_epoch_26,['/home/dataset_labels/ai_hub_det_08_02_90_k_fold_5_5/train_label.txt']
0.4481385469133489,0.3728595328697021,0.4070477955494675,11.324026422687476,/home/output/det___MobileNetV3_large_x0_5___ai_hub_det_08_02_90_k_fold_5_4___default_config___finetune/trained_model/iter_epoch_26,['/home/dataset_labels/ai_hub_det_08_02_90_k_fold_5_4/train_label.txt']
0.4702180332269514,0.3880392510789124,0.4251943019738114,8.323085861317006,/home/output/det___MobileNetV3_large_x0_5___ai_hub_det_08_02_90_k_fold_5_3___default_config___finetune/trained_model/iter_epoch_26,['/home/dataset_labels/ai_hub_det_08_02_90_k_fold_5_3/train_label.txt']
0.4268439264250592,0.3820748565466876,0.4032205343472052,10.628411271433672,/home/output/det___MobileNetV3_large_x0_5___ai_hub_det_08_02_90_k_fold_5_1___default_config___finetune/trained_model/iter_epoch_26,['/home/dataset_labels/ai_hub_det_08_02_90_k_fold_5_1/val_label.txt']
0.44914444623111777,0.3897914118487264,0.4173683747912455,8.494576007289629,/home/output/det___MobileNetV3_large_x0_5___ai_hub_det_08_02_90_k_fold_5_5___default_config___finetune/trained_model/iter_epoch_25,['/home/dataset_labels/ai_hub_det_08_02_90_k_fold_5_5/train_label.txt']
0.4426752847515075,0.3706441393875396,0.4034700145481976,9.712966587669698,/home/output/det___MobileNetV3_large_x0_5___ai_hub_det_08_02_90_k_fold_5_4___default_config___finetune/trained_model/iter_epoch_26,['/home/dataset_labels/ai_hub_det_08_02_90_k_fold_5_4/val_label.txt']
0.4590257227407239,0.3977186811741889,0.4261786928265732,9.137825035311383,/home/output/det___MobileNetV3_large_x0_5___ai_hub_det_08_02_90_k_fold_5_5___default_config___finetune/trained_model/iter_epoch_26,['/home/dataset_labels/ai_hub_det_08_02_90_k_fold_5_5/val_label.txt']
0.4654277784481719,0.3811515910139008,0.4190948767634329,9.131405499133534,/home/output/det___MobileNetV3_large_x0_5___ai_hub_det_08_02_90_k_fold_5_3___default_config___finetune/trained_model/iter_epoch_26,['/home/dataset_labels/ai_hub_det_08_02_90_k_fold_5_3/val_label.txt']
0.4405751516513143,0.3867722954537984,0.4119243089957464,8.991102653149595,/home/output/det___MobileNetV3_large_x0_5___ai_hub_det_08_02_90_k_fold_5_5___default_config___finetune/trained_model/iter_epoch_25,['/home/dataset_labels/ai_hub_det_08_02_90_k_fold_5_5/val_label.txt']
0.44733684113357336,0.3980124019547452,0.4212356303105375,8.647871674859923,/home/output/det___MobileNetV3_large_x0_5___ai_hub_det_08_02_90_k_fold_5_2___default_config___finetune/trained_model/iter_epoch_29,['/home/dataset_labels/ai_hub_det_08_02_90_k_fold_5_2/train_label.txt']
0.4422313712399392,0.3911103821551583,0.4151028792257077,5.562137267563707,/home/output/det___MobileNetV3_large_x0_5___ai_hub_det_08_02_90_k_fold_5_2___default_config___finetune/trained_model/iter_epoch_29,['/home/dataset_labels/ai_hub_det_08_02_90_k_fold_5_2/val_label.txt']
0.4627496502663928,0.3826734054249192,0.4189192223574479,14.286464259110419,/home/output/det___MobileNetV3_large_x0_5___ai_hub_det_08_02_90_k_fold_5_3___default_config___finetune/trained_model/iter_epoch_29,['/home/dataset_labels/ai_hub_det_08_02_90_k_fold_5_3/train_label.txt']
0.4592108930206633,0.3799328018973582,0.4158269490761604,11.862776275636312,/home/output/det___MobileNetV3_large_x0_5___ai_hub_det_08_02_90_k_fold_5_3___default_config___finetune/trained_model/iter_epoch_29,['/home/dataset_labels/ai_hub_det_08_02_90_k_fold_5_3/val_label.txt']
0.4317037728994759,0.4105603448275862,0.42086667622332224,12.776577454816511,/home/output/det___MobileNetV3_large_x0_5___ai_hub_det_08_02_90_k_fold_5_1___default_config___finetune/trained_model/iter_epoch_29,['/home/dataset_labels/ai_hub_det_08_02_90_k_fold_5_1/train_label.txt']
0.4376270269798763,0.41144534837947777,0.4241325234490251,12.240523025051903,/home/output/det___MobileNetV3_large_x0_5___ai_hub_det_08_02_90_k_fold_5_4___default_config___finetune/trained_model/iter_epoch_29,['/home/dataset_labels/ai_hub_det_08_02_90_k_fold_5_4/train_label.txt']
0.42627862924057175,0.4035276473656755,0.4145912539568225,12.574405524777768,/home/output/det___MobileNetV3_large_x0_5___ai_hub_det_08_02_90_k_fold_5_1___default_config___finetune/trained_model/iter_epoch_29,['/home/dataset_labels/ai_hub_det_08_02_90_k_fold_5_1/val_label.txt']
0.4531911046826975,0.4115285792856615,0.4313561837729469,13.36150304963413,/home/output/det___MobileNetV3_large_x0_5___ai_hub_det_08_02_90_k_fold_5_5___default_config___finetune/trained_model/iter_epoch_30,['/home/dataset_labels/ai_hub_det_08_02_90_k_fold_5_5/train_label.txt']
0.4330755295429208,0.4102098732840549,0.4213327006507592,8.420002010549853,/home/output/det___MobileNetV3_large_x0_5___ai_hub_det_08_02_90_k_fold_5_4___default_config___finetune/trained_model/iter_epoch_29,['/home/dataset_labels/ai_hub_det_08_02_90_k_fold_5_4/val_label.txt']
0.4396695757688897,0.3866720298147252,0.4114712999117727,7.0964084837925805,/home/output/det___MobileNetV3_large_x0_5___ai_hub_det_08_02_90_k_fold_5_5___default_config___finetune/trained_model/iter_epoch_29,['/home/dataset_labels/ai_hub_det_08_02_90_k_fold_5_5/train_label.txt']
0.4392694391617927,0.40241938134841065,0.4200377423228684,9.520131962954007,/home/output/det___MobileNetV3_large_x0_5___ai_hub_det_08_02_90_k_fold_5_5___default_config___finetune/trained_model/iter_epoch_30,['/home/dataset_labels/ai_hub_det_08_02_90_k_fold_5_5/val_label.txt']
0.4314375046527209,0.38101969034548505,0.4046642344685529,11.3156458668185,/home/output/det___MobileNetV3_large_x0_5___ai_hub_det_08_02_90_k_fold_5_5___default_config___finetune/trained_model/iter_epoch_29,['/home/dataset_labels/ai_hub_det_08_02_90_k_fold_5_5/val_label.txt']
0.36022866569670864,0.2579872335537651,0.3006535322774189,9.465677760864788,/home/output/det___MobileNetV3_large_x0_5___ai_hub_det_08_02_90_k_fold_5_3___default_config___finetune/trained_model/iter_epoch_1,['/home/dataset_labels/ai_hub_det_08_02_90_k_fold_5_3/train_label.txt']
0.3877067459580004,0.27375016402046976,0.32091216735886785,12.116513283426334,/home/output/det___MobileNetV3_large_x0_5___ai_hub_det_08_02_90_k_fold_5_4___default_config___finetune/trained_model/iter_epoch_1,['/home/dataset_labels/ai_hub_det_08_02_90_k_fold_5_4/train_label.txt']
0.355747073462992,0.2542657619078991,0.29656523743660673,13.781137752718625,/home/output/det___MobileNetV3_large_x0_5___ai_hub_det_08_02_90_k_fold_5_3___default_config___finetune/trained_model/iter_epoch_1,['/home/dataset_labels/ai_hub_det_08_02_90_k_fold_5_3/val_label.txt']
0.36594830573071857,0.2602439324873722,0.3041744063818452,12.06637593230776,/home/output/det___MobileNetV3_large_x0_5___ai_hub_det_08_02_90_k_fold_5_2___default_config___finetune/trained_model/iter_epoch_1,['/home/dataset_labels/ai_hub_det_08_02_90_k_fold_5_2/train_label.txt']
0.3854292905751841,0.2728682682154171,0.31952548398315234,12.373676109715927,/home/output/det___MobileNetV3_large_x0_5___ai_hub_det_08_02_90_k_fold_5_4___default_config___finetune/trained_model/iter_epoch_1,['/home/dataset_labels/ai_hub_det_08_02_90_k_fold_5_4/val_label.txt']
0.4061517970489688,0.3204097882924667,0.3582215573533528,16.267959144087552,/home/output/det___MobileNetV3_large_x0_5___ai_hub_det_08_02_90_k_fold_5_5___default_config___finetune/trained_model/iter_epoch_5,['/home/dataset_labels/ai_hub_det_08_02_90_k_fold_5_5/train_label.txt']
0.4072785989318097,0.3233621511455902,0.3605013376333052,19.18327502667133,/home/output/det___MobileNetV3_large_x0_5___ai_hub_det_08_02_90_k_fold_5_5___default_config___finetune/trained_model/iter_epoch_5,['/home/dataset_labels/ai_hub_det_08_02_90_k_fold_5_5/val_label.txt']
0.4466162913148706,0.3965030835848314,0.4200703766453801,20.074898911603764,/home/output/det___MobileNetV3_large_x0_5___ai_hub_det_08_02_90_k_fold_5_4___default_config___finetune/trained_model/iter_epoch_25,['/home/dataset_labels/ai_hub_det_08_02_90_k_fold_5_4/train_label.txt']
0.4338354251032487,0.3544110524630805,0.3901218057613763,20.59214987031289,/home/output/det___MobileNetV3_large_x0_5___ai_hub_det_08_02_90_k_fold_5_5___default_config___finetune/trained_model/iter_epoch_8,['/home/dataset_labels/ai_hub_det_08_02_90_k_fold_5_5/train_label.txt']
0.4171932242126845,0.4077943410948216,0.412440243056565,16.41101867495154,/home/output/det___MobileNetV3_large_x0_5___ai_hub_det_08_02_90_k_fold_5_2___default_config___finetune/trained_model/iter_epoch_34,['/home/dataset_labels/ai_hub_det_08_02_90_k_fold_5_2/train_label.txt']
0.4618678218819263,0.3761424984821385,0.4146204701051813,12.363727484120155,/home/output/det___MobileNetV3_large_x0_5___ai_hub_det_08_02_90_k_fold_5_3___default_config___finetune/trained_model/iter_epoch_22,['/home/dataset_labels/ai_hub_det_08_02_90_k_fold_5_3/train_label.txt']
0.41536484750118347,0.402952271608988,0.4090644199870128,15.09429493081573,/home/output/det___MobileNetV3_large_x0_5___ai_hub_det_08_02_90_k_fold_5_2___default_config___finetune/trained_model/iter_epoch_34,['/home/dataset_labels/ai_hub_det_08_02_90_k_fold_5_2/val_label.txt']
0.4507641890819461,0.3971439852592787,0.4222586640428556,7.610630056193899,/home/output/det___MobileNetV3_large_x0_5___ai_hub_det_08_02_90_k_fold_5_1___default_config___finetune/trained_model/iter_epoch_35,['/home/dataset_labels/ai_hub_det_08_02_90_k_fold_5_1/train_label.txt']
0.4575553494374319,0.3737400355754661,0.4114223551808539,7.3324684611371325,/home/output/det___MobileNetV3_large_x0_5___ai_hub_det_08_02_90_k_fold_5_3___default_config___finetune/trained_model/iter_epoch_22,['/home/dataset_labels/ai_hub_det_08_02_90_k_fold_5_3/val_label.txt']
0.4466807294027405,0.4215336272703343,0.4337429959541584,7.185665601159327,/home/output/det___MobileNetV3_large_x0_5___ai_hub_det_08_02_90_k_fold_5_1___default_config___finetune/trained_model/iter_epoch_43,['/home/dataset_labels/ai_hub_det_08_02_90_k_fold_5_1/train_label.txt']
0.4634076104226248,0.3827171631019552,0.4192148760330579,7.064520994895536,/home/output/det___MobileNetV3_large_x0_5___ai_hub_det_08_02_90_k_fold_5_4___default_config___finetune/trained_model/iter_epoch_13,['/home/dataset_labels/ai_hub_det_08_02_90_k_fold_5_4/train_label.txt']
0.4269224269055265,0.4147300503205576,0.4207379277895061,6.409179895476857,/home/output/det___MobileNetV3_large_x0_5___ai_hub_det_08_02_90_k_fold_5_5___default_config___finetune/trained_model/iter_epoch_50,['/home/dataset_labels/ai_hub_det_08_02_90_k_fold_5_5/train_label.txt']
0.4456751250231524,0.3922470005216484,0.4172577037126953,11.629641637703125,/home/output/det___MobileNetV3_large_x0_5___ai_hub_det_08_02_90_k_fold_5_1___default_config___finetune/trained_model/iter_epoch_35,['/home/dataset_labels/ai_hub_det_08_02_90_k_fold_5_1/val_label.txt']
0.4583981182474186,0.37942185850052795,0.4151876794193583,11.247806811723345,/home/output/det___MobileNetV3_large_x0_5___ai_hub_det_08_02_90_k_fold_5_4___default_config___finetune/trained_model/iter_epoch_13,['/home/dataset_labels/ai_hub_det_08_02_90_k_fold_5_4/val_label.txt']
0.4425196850393701,0.4122652582159624,0.4268570560534711,7.432785455651338,/home/output/det___MobileNetV3_large_x0_5___ai_hub_det_08_02_90_k_fold_5_1___default_config___finetune/trained_model/iter_epoch_43,['/home/dataset_labels/ai_hub_det_08_02_90_k_fold_5_1/val_label.txt']
0.4398020793967464,0.4110057081844688,0.42491657397107896,13.373125054325257,/home/output/det___MobileNetV3_large_x0_5___ai_hub_det_08_02_90_k_fold_5_2___default_config___finetune/trained_model/iter_epoch_37,['/home/dataset_labels/ai_hub_det_08_02_90_k_fold_5_2/train_label.txt']
0.4140063176288729,0.4049833996252589,0.4094451552867279,7.2354649717510995,/home/output/det___MobileNetV3_large_x0_5___ai_hub_det_08_02_90_k_fold_5_5___default_config___finetune/trained_model/iter_epoch_50,['/home/dataset_labels/ai_hub_det_08_02_90_k_fold_5_5/val_label.txt']
0.4361866610443461,0.4071838609152042,0.4211865700761753,12.708228400531025,/home/output/det___MobileNetV3_large_x0_5___ai_hub_det_08_02_90_k_fold_5_2___default_config___finetune/trained_model/iter_epoch_37,['/home/dataset_labels/ai_hub_det_08_02_90_k_fold_5_2/val_label.txt']
0.4653615383040157,0.3727365175173862,0.4139306563692498,13.836528317643564,/home/output/det___MobileNetV3_large_x0_5___ai_hub_det_08_02_90_k_fold_5_4___default_config___finetune/trained_model/iter_epoch_16,['/home/dataset_labels/ai_hub_det_08_02_90_k_fold_5_4/train_label.txt']
0.4553832257072571,0.3898147538826007,0.4200556658629982,13.939489654599464,/home/output/det___MobileNetV3_large_x0_5___ai_hub_det_08_02_90_k_fold_5_1___default_config___finetune/trained_model/iter_epoch_40,['/home/dataset_labels/ai_hub_det_08_02_90_k_fold_5_1/train_label.txt']
0.4586226615472592,0.3705121436114045,0.4098857372321396,16.205667238322615,/home/output/det___MobileNetV3_large_x0_5___ai_hub_det_08_02_90_k_fold_5_4___default_config___finetune/trained_model/iter_epoch_16,['/home/dataset_labels/ai_hub_det_08_02_90_k_fold_5_4/val_label.txt']
0.4486106333371555,0.3826617110067814,0.4130201460367731,15.055976320164325,/home/output/det___MobileNetV3_large_x0_5___ai_hub_det_08_02_90_k_fold_5_1___default_config___finetune/trained_model/iter_epoch_40,['/home/dataset_labels/ai_hub_det_08_02_90_k_fold_5_1/val_label.txt']
0.4539871626495995,0.4027337917001689,0.4268273595241822,7.269791946711803,/home/output/det___MobileNetV3_large_x0_5___ai_hub_det_08_02_90_k_fold_5_3___default_config___finetune/trained_model/iter_epoch_28,['/home/dataset_labels/ai_hub_det_08_02_90_k_fold_5_3/train_label.txt']
0.4519730123678767,0.4253049156092152,0.4382336264312856,15.840106289143412,/home/output/det___MobileNetV3_large_x0_5___ai_hub_det_08_02_90_k_fold_5_2___default_config___finetune/trained_model/iter_epoch_40,['/home/dataset_labels/ai_hub_det_08_02_90_k_fold_5_2/train_label.txt']
0.4500910137820871,0.3991040252981092,0.4230668505682909,7.183085747958771,/home/output/det___MobileNetV3_large_x0_5___ai_hub_det_08_02_90_k_fold_5_3___default_config___finetune/trained_model/iter_epoch_28,['/home/dataset_labels/ai_hub_det_08_02_90_k_fold_5_3/val_label.txt']
0.4375846195505009,0.4120821268754936,0.4244506483768338,6.702900598594455,/home/output/det___MobileNetV3_large_x0_5___ai_hub_det_08_02_90_k_fold_5_1___default_config___finetune/trained_model/iter_epoch_46,['/home/dataset_labels/ai_hub_det_08_02_90_k_fold_5_1/train_label.txt']
0.4113656132212236,0.3494036234084995,0.3778613247872733,6.781602851989733,/home/output/det___MobileNetV3_large_x0_5___ai_hub_det_08_02_90_k_fold_5_5___default_config___finetune/trained_model/iter_epoch_4,['/home/dataset_labels/ai_hub_det_08_02_90_k_fold_5_5/train_label.txt']
0.4439010758697777,0.4168607511891094,0.42995618561061016,7.830916688788116,/home/output/det___MobileNetV3_large_x0_5___ai_hub_det_08_02_90_k_fold_5_2___default_config___finetune/trained_model/iter_epoch_40,['/home/dataset_labels/ai_hub_det_08_02_90_k_fold_5_2/val_label.txt']
0.4411001842194503,0.3946988584175305,0.4166114826116125,14.328924083959524,/home/output/det___MobileNetV3_large_x0_5___ai_hub_det_08_02_90_k_fold_5_4___default_config___finetune/trained_model/iter_epoch_19,['/home/dataset_labels/ai_hub_det_08_02_90_k_fold_5_4/train_label.txt']
0.4280104257167679,0.4015388628064685,0.4143522801823473,7.463505461343307,/home/output/det___MobileNetV3_large_x0_5___ai_hub_det_08_02_90_k_fold_5_1___default_config___finetune/trained_model/iter_epoch_46,['/home/dataset_labels/ai_hub_det_08_02_90_k_fold_5_1/val_label.txt']
0.4424765953597757,0.4023920768623322,0.421483437660206,13.446618669806282,/home/output/det___MobileNetV3_large_x0_5___ai_hub_det_08_02_90_k_fold_5_1___default_config___finetune/trained_model/iter_epoch_45,['/home/dataset_labels/ai_hub_det_08_02_90_k_fold_5_1/train_label.txt']
0.4029170813873363,0.3459781072285592,0.3722830412252622,7.679001245729824,/home/output/det___MobileNetV3_large_x0_5___ai_hub_det_08_02_90_k_fold_5_5___default_config___finetune/trained_model/iter_epoch_4,['/home/dataset_labels/ai_hub_det_08_02_90_k_fold_5_5/val_label.txt']
0.4378948906175815,0.3956573389651531,0.4157059894253272,12.110811043804164,/home/output/det___MobileNetV3_large_x0_5___ai_hub_det_08_02_90_k_fold_5_4___default_config___finetune/trained_model/iter_epoch_19,['/home/dataset_labels/ai_hub_det_08_02_90_k_fold_5_4/val_label.txt']
0.43320041671157095,0.39315988523734996,0.4122100873369909,12.042132874299035,/home/output/det___MobileNetV3_large_x0_5___ai_hub_det_08_02_90_k_fold_5_1___default_config___finetune/trained_model/iter_epoch_45,['/home/dataset_labels/ai_hub_det_08_02_90_k_fold_5_1/val_label.txt']
0.4514903428768798,0.3968182340296352,0.4223925241806948,12.461688437115571,/home/output/det___MobileNetV3_large_x0_5___ai_hub_det_08_02_90_k_fold_5_3___default_config___finetune/trained_model/iter_epoch_31,['/home/dataset_labels/ai_hub_det_08_02_90_k_fold_5_3/train_label.txt']
0.448592525956745,0.3942288688319389,0.4196574153619581,16.849953669963213,/home/output/det___MobileNetV3_large_x0_5___ai_hub_det_08_02_90_k_fold_5_3___default_config___finetune/trained_model/iter_epoch_31,['/home/dataset_labels/ai_hub_det_08_02_90_k_fold_5_3/val_label.txt']
0.4272818370189205,0.41324791589667775,0.42014771764136094,8.175260833509043,/home/output/det___MobileNetV3_large_x0_5___ai_hub_det_08_02_90_k_fold_5_2___default_config___finetune/trained_model/iter_epoch_43,['/home/dataset_labels/ai_hub_det_08_02_90_k_fold_5_2/train_label.txt']
0.4498097772697233,0.4143113319294551,0.4313314093396477,16.452326000168082,/home/output/det___MobileNetV3_large_x0_5___ai_hub_det_08_02_90_k_fold_5_1___default_config___finetune/trained_model/iter_epoch_50,['/home/dataset_labels/ai_hub_det_08_02_90_k_fold_5_1/train_label.txt']
0.4116505323518516,0.4204478152145301,0.4160026695532568,8.438347798674402,/home/output/det___MobileNetV3_large_x0_5___ai_hub_det_08_02_90_k_fold_5_1___default_config___finetune/trained_model/iter_epoch_49,['/home/dataset_labels/ai_hub_det_08_02_90_k_fold_5_1/train_label.txt']
0.4430681615945898,0.4058424621804904,0.4236391171916212,14.628991479284599,/home/output/det___MobileNetV3_large_x0_5___ai_hub_det_08_02_90_k_fold_5_1___default_config___finetune/trained_model/iter_epoch_50,['/home/dataset_labels/ai_hub_det_08_02_90_k_fold_5_1/val_label.txt']
0.41667829171565796,0.34327157504166017,0.3764296034242969,8.001532773945884,/home/output/det___MobileNetV3_large_x0_5___ai_hub_det_08_02_90_k_fold_5_5___default_config___finetune/trained_model/iter_epoch_7,['/home/dataset_labels/ai_hub_det_08_02_90_k_fold_5_5/train_label.txt']
0.4243092797501867,0.41007052648843695,0.4170684104292125,8.121490127691263,/home/output/det___MobileNetV3_large_x0_5___ai_hub_det_08_02_90_k_fold_5_2___default_config___finetune/trained_model/iter_epoch_43,['/home/dataset_labels/ai_hub_det_08_02_90_k_fold_5_2/val_label.txt']
0.4560555809698079,0.3924435769584044,0.42186508216376334,8.1304759807734,/home/output/det___MobileNetV3_large_x0_5___ai_hub_det_08_02_90_k_fold_5_4___default_config___finetune/trained_model/iter_epoch_22,['/home/dataset_labels/ai_hub_det_08_02_90_k_fold_5_4/train_label.txt']
0.4564248036127661,0.3947178418470324,0.4233344772665276,10.2844935984452,/home/output/det___MobileNetV3_large_x0_5___ai_hub_det_08_02_90_k_fold_5_3___default_config___finetune/trained_model/iter_epoch_34,['/home/dataset_labels/ai_hub_det_08_02_90_k_fold_5_3/train_label.txt']
0.4071378182517797,0.4139606155451226,0.41052087038054896,8.07686105917857,/home/output/det___MobileNetV3_large_x0_5___ai_hub_det_08_02_90_k_fold_5_1___default_config___finetune/trained_model/iter_epoch_49,['/home/dataset_labels/ai_hub_det_08_02_90_k_fold_5_1/val_label.txt']
0.4155461850584772,0.3433812169225206,0.3760326859734696,7.784154434303002,/home/output/det___MobileNetV3_large_x0_5___ai_hub_det_08_02_90_k_fold_5_5___default_config___finetune/trained_model/iter_epoch_7,['/home/dataset_labels/ai_hub_det_08_02_90_k_fold_5_5/val_label.txt']
0.4517503805175038,0.3917634635691658,0.4196239219567369,8.020751158997411,/home/output/det___MobileNetV3_large_x0_5___ai_hub_det_08_02_90_k_fold_5_4___default_config___finetune/trained_model/iter_epoch_22,['/home/dataset_labels/ai_hub_det_08_02_90_k_fold_5_4/val_label.txt']
0.4549786520280573,0.3931418407009685,0.42180597278671145,9.01256148988764,/home/output/det___MobileNetV3_large_x0_5___ai_hub_det_08_02_90_k_fold_5_3___default_config___finetune/trained_model/iter_epoch_34,['/home/dataset_labels/ai_hub_det_08_02_90_k_fold_5_3/val_label.txt']
0.44343654203370897,0.3200842326928139,0.37179615801718907,13.208002388568607,/home/output/det___MobileNetV3_large_x0_5___ai_hub_det_08_02_90_k_fold_5_1___default_config___finetune/trained_model/iter_epoch_4,['/home/dataset_labels/ai_hub_det_08_02_90_k_fold_5_1/train_label.txt']
0.4468779757856074,0.32130281690140844,0.3738264580369843,12.089078382910852,/home/output/det___MobileNetV3_large_x0_5___ai_hub_det_08_02_90_k_fold_5_1___default_config___finetune/trained_model/iter_epoch_4,['/home/dataset_labels/ai_hub_det_08_02_90_k_fold_5_1/val_label.txt']
0.4543345265829498,0.3934441018239076,0.4217026326198744,11.68999841749608,/home/output/det___MobileNetV3_large_x0_5___ai_hub_det_08_02_90_k_fold_5_4___default_config___finetune/trained_model/iter_epoch_28,['/home/dataset_labels/ai_hub_det_08_02_90_k_fold_5_4/train_label.txt']
0.4314616123241348,0.4244096751673441,0.4279065915866181,7.682193250897006,/home/output/det___MobileNetV3_large_x0_5___ai_hub_det_08_02_90_k_fold_5_2___default_config___finetune/trained_model/iter_epoch_46,['/home/dataset_labels/ai_hub_det_08_02_90_k_fold_5_2/train_label.txt']
0.4484530251324497,0.3903037364007811,0.4173626952096859,11.886218408871743,/home/output/det___MobileNetV3_large_x0_5___ai_hub_det_08_02_90_k_fold_5_3___default_config___finetune/trained_model/iter_epoch_37,['/home/dataset_labels/ai_hub_det_08_02_90_k_fold_5_3/train_label.txt']
0.44970817857954976,0.3915654699049631,0.41862762391956254,12.525529430023894,/home/output/det___MobileNetV3_large_x0_5___ai_hub_det_08_02_90_k_fold_5_4___default_config___finetune/trained_model/iter_epoch_28,['/home/dataset_labels/ai_hub_det_08_02_90_k_fold_5_4/val_label.txt']
0.4335424034162941,0.4269229189766334,0.43020719963914905,7.911278379041097,/home/output/det___MobileNetV3_large_x0_5___ai_hub_det_08_02_90_k_fold_5_2___default_config___finetune/trained_model/iter_epoch_35,['/home/dataset_labels/ai_hub_det_08_02_90_k_fold_5_2/train_label.txt']
0.4227289521301287,0.3662975397926432,0.3924952501583281,7.901006340203521,/home/output/det___MobileNetV3_large_x0_5___ai_hub_det_08_02_90_k_fold_5_5___default_config___finetune/trained_model/iter_epoch_13,['/home/dataset_labels/ai_hub_det_08_02_90_k_fold_5_5/train_label.txt']
0.4287823868975701,0.4190913564047892,0.4238814883628341,8.429957019621709,/home/output/det___MobileNetV3_large_x0_5___ai_hub_det_08_02_90_k_fold_5_2___default_config___finetune/trained_model/iter_epoch_46,['/home/dataset_labels/ai_hub_det_08_02_90_k_fold_5_2/val_label.txt']
0.4207261695426176,0.358202816530666,0.3869551695028213,12.147482716677453,/home/output/det___MobileNetV3_large_x0_5___ai_hub_det_08_02_90_k_fold_5_1___default_config___finetune/trained_model/iter_epoch_7,['/home/dataset_labels/ai_hub_det_08_02_90_k_fold_5_1/train_label.txt']
0.4454641589243901,0.3885302062059424,0.4150538391160532,8.309854895889435,/home/output/det___MobileNetV3_large_x0_5___ai_hub_det_08_02_90_k_fold_5_3___default_config___finetune/trained_model/iter_epoch_37,['/home/dataset_labels/ai_hub_det_08_02_90_k_fold_5_3/val_label.txt']
0.4316947220173027,0.4223060521567985,0.4269487787487357,7.986926250062746,/home/output/det___MobileNetV3_large_x0_5___ai_hub_det_08_02_90_k_fold_5_2___default_config___finetune/trained_model/iter_epoch_35,['/home/dataset_labels/ai_hub_det_08_02_90_k_fold_5_2/val_label.txt']
0.4194095428967856,0.35478612415232136,0.3844007206188844,12.594151025547335,/home/output/det___MobileNetV3_large_x0_5___ai_hub_det_08_02_90_k_fold_5_1___default_config___finetune/trained_model/iter_epoch_7,['/home/dataset_labels/ai_hub_det_08_02_90_k_fold_5_1/val_label.txt']
0.4173415194545934,0.3642220834292101,0.388976654379498,7.288944102414942,/home/output/det___MobileNetV3_large_x0_5___ai_hub_det_08_02_90_k_fold_5_5___default_config___finetune/trained_model/iter_epoch_13,['/home/dataset_labels/ai_hub_det_08_02_90_k_fold_5_5/val_label.txt']
0.4440580749238215,0.4063443117701089,0.4243649257438463,13.00998694273366,/home/output/det___MobileNetV3_large_x0_5___ai_hub_det_08_02_90_k_fold_5_4___default_config___finetune/trained_model/iter_epoch_31,['/home/dataset_labels/ai_hub_det_08_02_90_k_fold_5_4/train_label.txt']
0.4363564894225272,0.4029501055966209,0.41898847104035136,13.664830437976196,/home/output/det___MobileNetV3_large_x0_5___ai_hub_det_08_02_90_k_fold_5_4___default_config___finetune/trained_model/iter_epoch_31,['/home/dataset_labels/ai_hub_det_08_02_90_k_fold_5_4/val_label.txt']
0.4425531185449933,0.4240811465648228,0.4331202711090979,13.381288369646919,/home/output/det___MobileNetV3_large_x0_5___ai_hub_det_08_02_90_k_fold_5_2___default_config___finetune/trained_model/iter_epoch_49,['/home/dataset_labels/ai_hub_det_08_02_90_k_fold_5_2/train_label.txt']
0.4641505255104095,0.37925276388523294,0.4174287007695789,14.183247837433965,/home/output/det___MobileNetV3_large_x0_5___ai_hub_det_08_02_90_k_fold_5_1___default_config___finetune/trained_model/iter_epoch_13,['/home/dataset_labels/ai_hub_det_08_02_90_k_fold_5_1/train_label.txt']
0.4324914675767918,0.4156798425455142,0.4239190432382704,7.590342856327604,/home/output/det___MobileNetV3_large_x0_5___ai_hub_det_08_02_90_k_fold_5_2___default_config___finetune/trained_model/iter_epoch_49,['/home/dataset_labels/ai_hub_det_08_02_90_k_fold_5_2/val_label.txt']
0.4636182108626198,0.3784885237350025,0.4167504307869041,11.475713958147324,/home/output/det___MobileNetV3_large_x0_5___ai_hub_det_08_02_90_k_fold_5_1___default_config___finetune/trained_model/iter_epoch_13,['/home/dataset_labels/ai_hub_det_08_02_90_k_fold_5_1/val_label.txt']
0.4430847503012452,0.40710700695446794,0.4243346397630475,13.715654248137355,/home/output/det___MobileNetV3_large_x0_5___ai_hub_det_08_02_90_k_fold_5_4___default_config___finetune/trained_model/iter_epoch_34,['/home/dataset_labels/ai_hub_det_08_02_90_k_fold_5_4/train_label.txt']
0.43990486020733294,0.4021266470848854,0.4201682833469783,7.524246945962986,/home/output/det___MobileNetV3_large_x0_5___ai_hub_det_08_02_90_k_fold_5_3___default_config___finetune/trained_model/iter_epoch_40,['/home/dataset_labels/ai_hub_det_08_02_90_k_fold_5_3/train_label.txt']
0.4519730123678767,0.4253049156092152,0.4382336264312856,7.475980240280312,/home/output/det___MobileNetV3_large_x0_5___ai_hub_det_08_02_90_k_fold_5_2___default_config___finetune/trained_model/iter_epoch_40,['/home/dataset_labels/ai_hub_det_08_02_90_k_fold_5_2/train_label.txt']
0.4411621231167564,0.3860399445078354,0.41176444835542014,8.22253950885007,/home/output/det___MobileNetV3_large_x0_5___ai_hub_det_08_02_90_k_fold_5_5___default_config___finetune/trained_model/iter_epoch_16,['/home/dataset_labels/ai_hub_det_08_02_90_k_fold_5_5/train_label.txt']
0.43612052059190587,0.4036100844772968,0.4192359766234212,11.681899422844145,/home/output/det___MobileNetV3_large_x0_5___ai_hub_det_08_02_90_k_fold_5_4___default_config___finetune/trained_model/iter_epoch_34,['/home/dataset_labels/ai_hub_det_08_02_90_k_fold_5_4/val_label.txt']
0.4350879733545725,0.395875881151591,0.4145567437047257,8.235013767204034,/home/output/det___MobileNetV3_large_x0_5___ai_hub_det_08_02_90_k_fold_5_3___default_config___finetune/trained_model/iter_epoch_40,['/home/dataset_labels/ai_hub_det_08_02_90_k_fold_5_3/val_label.txt']
0.4439010758697777,0.4168607511891094,0.42995618561061016,7.84214365636561,/home/output/det___MobileNetV3_large_x0_5___ai_hub_det_08_02_90_k_fold_5_2___default_config___finetune/trained_model/iter_epoch_40,['/home/dataset_labels/ai_hub_det_08_02_90_k_fold_5_2/val_label.txt']
0.4368997346687096,0.3843068932645212,0.408919202518363,7.6819693822569075,/home/output/det___MobileNetV3_large_x0_5___ai_hub_det_08_02_90_k_fold_5_5___default_config___finetune/trained_model/iter_epoch_16,['/home/dataset_labels/ai_hub_det_08_02_90_k_fold_5_5/val_label.txt']
0.4489090594901365,0.4060114503816794,0.426384011679387,13.510426875047695,/home/output/det___MobileNetV3_large_x0_5___ai_hub_det_08_02_90_k_fold_5_1___default_config___finetune/trained_model/iter_epoch_16,['/home/dataset_labels/ai_hub_det_08_02_90_k_fold_5_1/train_label.txt']
0.4455202312138729,0.4020605112154408,0.4226761721963258,13.15315608315696,/home/output/det___MobileNetV3_large_x0_5___ai_hub_det_08_02_90_k_fold_5_1___default_config___finetune/trained_model/iter_epoch_16,['/home/dataset_labels/ai_hub_det_08_02_90_k_fold_5_1/val_label.txt']
0.4197708903663147,0.4225249311114027,0.4211434083180749,14.465474294932148,/home/output/det___MobileNetV3_large_x0_5___ai_hub_det_08_02_90_k_fold_5_4___default_config___finetune/trained_model/iter_epoch_37,['/home/dataset_labels/ai_hub_det_08_02_90_k_fold_5_4/train_label.txt']
0.4661527989492555,0.3989350355261647,0.4299324900857248,7.72315400314263,/home/output/det___MobileNetV3_large_x0_5___ai_hub_det_08_02_90_k_fold_5_3___default_config___finetune/trained_model/iter_epoch_35,['/home/dataset_labels/ai_hub_det_08_02_90_k_fold_5_3/train_label.txt']
0.41298785425101214,0.420769535374868,0.4168423805554194,12.233926873447626,/home/output/det___MobileNetV3_large_x0_5___ai_hub_det_08_02_90_k_fold_5_4___default_config___finetune/trained_model/iter_epoch_37,['/home/dataset_labels/ai_hub_det_08_02_90_k_fold_5_4/val_label.txt']
0.4414192210146505,0.4159829165126689,0.4283237629707308,11.311561263553527,/home/output/det___MobileNetV3_large_x0_5___ai_hub_det_08_02_90_k_fold_5_2___default_config___finetune/trained_model/iter_epoch_45,['/home/dataset_labels/ai_hub_det_08_02_90_k_fold_5_2/train_label.txt']
0.4622129918080074,0.395875881151591,0.4264802427296439,7.880022160089272,/home/output/det___MobileNetV3_large_x0_5___ai_hub_det_08_02_90_k_fold_5_3___default_config___finetune/trained_model/iter_epoch_35,['/home/dataset_labels/ai_hub_det_08_02_90_k_fold_5_3/val_label.txt']
0.4539299148683429,0.3772045275072388,0.41202580552410734,12.250590777740225,/home/output/det___MobileNetV3_large_x0_5___ai_hub_det_08_02_90_k_fold_5_1___default_config___finetune/trained_model/iter_epoch_19,['/home/dataset_labels/ai_hub_det_08_02_90_k_fold_5_1/train_label.txt']
0.45521200863854105,0.4202425296598349,0.43702885226598864,7.577458561640554,/home/output/det___MobileNetV3_large_x0_5___ai_hub_det_08_02_90_k_fold_5_3___default_config___finetune/trained_model/iter_epoch_43,['/home/dataset_labels/ai_hub_det_08_02_90_k_fold_5_3/train_label.txt']
0.43660836341967824,0.4085943906839429,0.4221371200054225,7.9826514879418315,/home/output/det___MobileNetV3_large_x0_5___ai_hub_det_08_02_90_k_fold_5_2___default_config___finetune/trained_model/iter_epoch_45,['/home/dataset_labels/ai_hub_det_08_02_90_k_fold_5_2/val_label.txt']
0.4453863014761508,0.3769691099089633,0.40833166611092586,7.3099247060874415,/home/output/det___MobileNetV3_large_x0_5___ai_hub_det_08_02_90_k_fold_5_5___default_config___finetune/trained_model/iter_epoch_19,['/home/dataset_labels/ai_hub_det_08_02_90_k_fold_5_5/train_label.txt']
0.4543089174485532,0.37571726656233706,0.4112923373425176,14.24545917308068,/home/output/det___MobileNetV3_large_x0_5___ai_hub_det_08_02_90_k_fold_5_1___default_config___finetune/trained_model/iter_epoch_19,['/home/dataset_labels/ai_hub_det_08_02_90_k_fold_5_1/val_label.txt']
0.4487700534759359,0.4146518215956255,0.4310368442679085,14.143155422353008,/home/output/det___MobileNetV3_large_x0_5___ai_hub_det_08_02_90_k_fold_5_3___default_config___finetune/trained_model/iter_epoch_43,['/home/dataset_labels/ai_hub_det_08_02_90_k_fold_5_3/val_label.txt']
0.4448781924982047,0.3962734549271749,0.41917154630232056,13.645712692943974,/home/output/det___MobileNetV3_large_x0_5___ai_hub_det_08_02_90_k_fold_5_4___default_config___finetune/trained_model/iter_epoch_40,['/home/dataset_labels/ai_hub_det_08_02_90_k_fold_5_4/train_label.txt']
0.4424164049510438,0.3951293558606125,0.4174379891579075,12.840789323780527,/home/output/det___MobileNetV3_large_x0_5___ai_hub_det_08_02_90_k_fold_5_4___default_config___finetune/trained_model/iter_epoch_40,['/home/dataset_labels/ai_hub_det_08_02_90_k_fold_5_4/val_label.txt']
0.4349173553719009,0.37365635580684403,0.4019661580352565,6.876325651551875,/home/output/det___MobileNetV3_large_x0_5___ai_hub_det_08_02_90_k_fold_5_5___default_config___finetune/trained_model/iter_epoch_19,['/home/dataset_labels/ai_hub_det_08_02_90_k_fold_5_5/val_label.txt']
0.4480818279824354,0.4194466779343956,0.4332916622523573,13.279773690637114,/home/output/det___MobileNetV3_large_x0_5___ai_hub_det_08_02_90_k_fold_5_3___default_config___finetune/trained_model/iter_epoch_46,['/home/dataset_labels/ai_hub_det_08_02_90_k_fold_5_3/train_label.txt']
0.44234152311183256,0.4274896308159829,0.4347887829856905,13.272132240204707,/home/output/det___MobileNetV3_large_x0_5___ai_hub_det_08_02_90_k_fold_5_2___default_config___finetune/trained_model/iter_epoch_50,['/home/dataset_labels/ai_hub_det_08_02_90_k_fold_5_2/train_label.txt']
0.4412625639217069,0.4121483628697543,0.4262088464224277,12.999696034967096,/home/output/det___MobileNetV3_large_x0_5___ai_hub_det_08_02_90_k_fold_5_3___default_config___finetune/trained_model/iter_epoch_46,['/home/dataset_labels/ai_hub_det_08_02_90_k_fold_5_3/val_label.txt']
0.4562220003114894,0.40839456764204174,0.4309854644747261,13.379723196793213,/home/output/det___MobileNetV3_large_x0_5___ai_hub_det_08_02_90_k_fold_5_4___default_config___finetune/trained_model/iter_epoch_43,['/home/dataset_labels/ai_hub_det_08_02_90_k_fold_5_4/train_label.txt']
0.43990486020733294,0.4021266470848854,0.4201682833469783,6.8929921127288845,/home/output/det___MobileNetV3_large_x0_5___ai_hub_det_08_02_90_k_fold_5_3___default_config___finetune/trained_model/iter_epoch_40,['/home/dataset_labels/ai_hub_det_08_02_90_k_fold_5_3/train_label.txt']
0.44748406943528896,0.4032140971488912,0.4241971879881965,14.232220091876158,/home/output/det___MobileNetV3_large_x0_5___ai_hub_det_08_02_90_k_fold_5_4___default_config___finetune/trained_model/iter_epoch_43,['/home/dataset_labels/ai_hub_det_08_02_90_k_fold_5_4/val_label.txt']
0.4368217452329602,0.4185665081187469,0.4274993299383543,7.904206633154563,/home/output/det___MobileNetV3_large_x0_5___ai_hub_det_08_02_90_k_fold_5_2___default_config___finetune/trained_model/iter_epoch_50,['/home/dataset_labels/ai_hub_det_08_02_90_k_fold_5_2/val_label.txt']
0.4522565679044943,0.3945117136088444,0.4214152029312784,6.850523972336543,/home/output/det___MobileNetV3_large_x0_5___ai_hub_det_08_02_90_k_fold_5_1___default_config___finetune/trained_model/iter_epoch_22,['/home/dataset_labels/ai_hub_det_08_02_90_k_fold_5_1/train_label.txt']
0.4350879733545725,0.395875881151591,0.4145567437047257,6.862760952783433,/home/output/det___MobileNetV3_large_x0_5___ai_hub_det_08_02_90_k_fold_5_3___default_config___finetune/trained_model/iter_epoch_40,['/home/dataset_labels/ai_hub_det_08_02_90_k_fold_5_3/val_label.txt']
0.4456602636801815,0.4125032804093951,0.4284412265758093,15.263755412693115,/home/output/det___MobileNetV3_large_x0_5___ai_hub_det_08_02_90_k_fold_5_4___default_config___finetune/trained_model/iter_epoch_46,['/home/dataset_labels/ai_hub_det_08_02_90_k_fold_5_4/train_label.txt']
0.4610524000439916,0.3785452187261429,0.4157448227986188,6.751573278092897,/home/output/det___MobileNetV3_large_x0_5___ai_hub_det_08_02_90_k_fold_5_5___default_config___finetune/trained_model/iter_epoch_22,['/home/dataset_labels/ai_hub_det_08_02_90_k_fold_5_5/train_label.txt']
0.44958156640522384,0.39058424621804905,0.4180114796140895,6.927449347699972,/home/output/det___MobileNetV3_large_x0_5___ai_hub_det_08_02_90_k_fold_5_1___default_config___finetune/trained_model/iter_epoch_22,['/home/dataset_labels/ai_hub_det_08_02_90_k_fold_5_1/val_label.txt']
0.4537037037037037,0.4165012060845736,0.43430722505026303,15.180491960971905,/home/output/det___MobileNetV3_large_x0_5___ai_hub_det_08_02_90_k_fold_5_3___default_config___finetune/trained_model/iter_epoch_49,['/home/dataset_labels/ai_hub_det_08_02_90_k_fold_5_3/train_label.txt']
0.4377605086541858,0.4089559134107709,0.4228682567304739,15.715991116291782,/home/output/det___MobileNetV3_large_x0_5___ai_hub_det_08_02_90_k_fold_5_4___default_config___finetune/trained_model/iter_epoch_46,['/home/dataset_labels/ai_hub_det_08_02_90_k_fold_5_4/val_label.txt']
0.44770129358225536,0.4115554384346795,0.4288681026345147,15.231669060393955,/home/output/det___MobileNetV3_large_x0_5___ai_hub_det_08_02_90_k_fold_5_3___default_config___finetune/trained_model/iter_epoch_49,['/home/dataset_labels/ai_hub_det_08_02_90_k_fold_5_3/val_label.txt']
0.4530421962784397,0.37375497189441503,0.4095968874959473,6.38014926942608,/home/output/det___MobileNetV3_large_x0_5___ai_hub_det_08_02_90_k_fold_5_5___default_config___finetune/trained_model/iter_epoch_22,['/home/dataset_labels/ai_hub_det_08_02_90_k_fold_5_5/val_label.txt']
0.4159469295070751,0.34451973224918897,0.3768789139360832,13.891046516671851,/home/output/det___MobileNetV3_large_x0_5___ai_hub_det_08_02_90_k_fold_5_2___default_config___finetune/trained_model/iter_epoch_4,['/home/dataset_labels/ai_hub_det_08_02_90_k_fold_5_2/train_label.txt']
0.4160734878911997,0.3432179760537969,0.3761504170261721,8.755776108059637,/home/output/det___MobileNetV3_large_x0_5___ai_hub_det_08_02_90_k_fold_5_2___default_config___finetune/trained_model/iter_epoch_4,['/home/dataset_labels/ai_hub_det_08_02_90_k_fold_5_2/val_label.txt']
0.4487200057047099,0.41284772339587983,0.4300370743708462,12.798014512402995,/home/output/det___MobileNetV3_large_x0_5___ai_hub_det_08_02_90_k_fold_5_4___default_config___finetune/trained_model/iter_epoch_49,['/home/dataset_labels/ai_hub_det_08_02_90_k_fold_5_4/train_label.txt']
0.4412132748197888,0.4107907648381221,0.4254588715159755,7.577899992250156,/home/output/det___MobileNetV3_large_x0_5___ai_hub_det_08_02_90_k_fold_5_3___default_config___finetune/trained_model/iter_epoch_45,['/home/dataset_labels/ai_hub_det_08_02_90_k_fold_5_3/train_label.txt']
0.4429498905986585,0.407503959873284,0.4244882525823694,11.91014108817656,/home/output/det___MobileNetV3_large_x0_5___ai_hub_det_08_02_90_k_fold_5_4___default_config___finetune/trained_model/iter_epoch_49,['/home/dataset_labels/ai_hub_det_08_02_90_k_fold_5_4/val_label.txt']
0.4348218189768256,0.3918354279710062,0.412210971739459,11.863913517845864,/home/output/det___MobileNetV3_large_x0_5___ai_hub_det_08_02_90_k_fold_5_5___default_config___finetune/trained_model/iter_epoch_28,['/home/dataset_labels/ai_hub_det_08_02_90_k_fold_5_5/train_label.txt']
0.4362397046293667,0.4047697476777126,0.4199159347982094,10.73032678028951,/home/output/det___MobileNetV3_large_x0_5___ai_hub_det_08_02_90_k_fold_5_3___default_config___finetune/trained_model/iter_epoch_45,['/home/dataset_labels/ai_hub_det_08_02_90_k_fold_5_3/val_label.txt']
0.4457880214250933,0.4066612924453804,0.4253267144442629,7.939244198817744,/home/output/det___MobileNetV3_large_x0_5___ai_hub_det_08_02_90_k_fold_5_1___default_config___finetune/trained_model/iter_epoch_28,['/home/dataset_labels/ai_hub_det_08_02_90_k_fold_5_1/train_label.txt']
0.4254496857617569,0.38719963183327305,0.40542447553651023,16.716955783799335,/home/output/det___MobileNetV3_large_x0_5___ai_hub_det_08_02_90_k_fold_5_5___default_config___finetune/trained_model/iter_epoch_28,['/home/dataset_labels/ai_hub_det_08_02_90_k_fold_5_5/val_label.txt']
0.4415738411785843,0.4006585811163276,0.4201223889781546,14.693708220004995,/home/output/det___MobileNetV3_large_x0_5___ai_hub_det_08_02_90_k_fold_5_1___default_config___finetune/trained_model/iter_epoch_28,['/home/dataset_labels/ai_hub_det_08_02_90_k_fold_5_1/val_label.txt']
0.4416861151409752,0.4019895682981236,0.4209039426738739,7.584772115188245,/home/output/det___MobileNetV3_large_x0_5___ai_hub_det_08_02_90_k_fold_5_4___default_config___finetune/trained_model/iter_epoch_35,['/home/dataset_labels/ai_hub_det_08_02_90_k_fold_5_4/train_label.txt']
0.4352476669059584,0.4001451953537487,0.4169589436765009,6.899427355865235,/home/output/det___MobileNetV3_large_x0_5___ai_hub_det_08_02_90_k_fold_5_4___default_config___finetune/trained_model/iter_epoch_35,['/home/dataset_labels/ai_hub_det_08_02_90_k_fold_5_4/val_label.txt']
0.4486993619162827,0.3988786642477775,0.4223247809762203,14.422460372384718,/home/output/det___MobileNetV3_large_x0_5___ai_hub_det_08_02_90_k_fold_5_5___default_config___finetune/trained_model/iter_epoch_35,['/home/dataset_labels/ai_hub_det_08_02_90_k_fold_5_5/train_label.txt']
0.4268780835945015,0.33896759886657635,0.3778772729769818,6.874459476436821,/home/output/det___MobileNetV3_large_x0_5___ai_hub_det_08_02_90_k_fold_5_2___default_config___finetune/trained_model/iter_epoch_7,['/home/dataset_labels/ai_hub_det_08_02_90_k_fold_5_2/train_label.txt']
0.4313421530114327,0.40200625518186817,0.4161578564964117,14.673035403363414,/home/output/det___MobileNetV3_large_x0_5___ai_hub_det_08_02_90_k_fold_5_5___default_config___finetune/trained_model/iter_epoch_31,['/home/dataset_labels/ai_hub_det_08_02_90_k_fold_5_5/train_label.txt']
0.4689368786658119,0.4021102377709588,0.4329600918748205,14.323369931494913,/home/output/det___MobileNetV3_large_x0_5___ai_hub_det_08_02_90_k_fold_5_3___default_config___finetune/trained_model/iter_epoch_50,['/home/dataset_labels/ai_hub_det_08_02_90_k_fold_5_3/train_label.txt']
0.4283320767361984,0.3354436608167952,0.37623944517007296,13.228006226836472,/home/output/det___MobileNetV3_large_x0_5___ai_hub_det_08_02_90_k_fold_5_2___default_config___finetune/trained_model/iter_epoch_7,['/home/dataset_labels/ai_hub_det_08_02_90_k_fold_5_2/val_label.txt']
0.4171877171043489,0.3947930705762467,0.4056815686804371,13.703336669934625,/home/output/det___MobileNetV3_large_x0_5___ai_hub_det_08_02_90_k_fold_5_5___default_config___finetune/trained_model/iter_epoch_31,['/home/dataset_labels/ai_hub_det_08_02_90_k_fold_5_5/val_label.txt']
0.4378771807907538,0.39354393346701294,0.4145285828053046,7.6458043942119644,/home/output/det___MobileNetV3_large_x0_5___ai_hub_det_08_02_90_k_fold_5_5___default_config___finetune/trained_model/iter_epoch_35,['/home/dataset_labels/ai_hub_det_08_02_90_k_fold_5_5/val_label.txt']
0.4623931951415763,0.3975228934712432,0.42751120321660735,7.67151265158606,/home/output/det___MobileNetV3_large_x0_5___ai_hub_det_08_02_90_k_fold_5_3___default_config___finetune/trained_model/iter_epoch_50,['/home/dataset_labels/ai_hub_det_08_02_90_k_fold_5_3/val_label.txt']
0.4568815780826033,0.4002862595419847,0.4267155390504084,7.28868929365345,/home/output/det___MobileNetV3_large_x0_5___ai_hub_det_08_02_90_k_fold_5_1___default_config___finetune/trained_model/iter_epoch_31,['/home/dataset_labels/ai_hub_det_08_02_90_k_fold_5_1/train_label.txt']
0.4224674589700057,0.3921884106748537,0.40676523049547264,15.208715644808738,/home/output/det___MobileNetV3_large_x0_5___ai_hub_det_08_02_90_k_fold_5_5___default_config___finetune/trained_model/iter_epoch_40,['/home/dataset_labels/ai_hub_det_08_02_90_k_fold_5_5/train_label.txt']
0.4537868582547523,0.3953768909754825,0.4225730016028991,7.347351997332826,/home/output/det___MobileNetV3_large_x0_5___ai_hub_det_08_02_90_k_fold_5_1___default_config___finetune/trained_model/iter_epoch_31,['/home/dataset_labels/ai_hub_det_08_02_90_k_fold_5_1/val_label.txt']
0.4448781924982047,0.3962734549271749,0.41917154630232056,7.823867185172556,/home/output/det___MobileNetV3_large_x0_5___ai_hub_det_08_02_90_k_fold_5_4___default_config___finetune/trained_model/iter_epoch_40,['/home/dataset_labels/ai_hub_det_08_02_90_k_fold_5_4/train_label.txt']
0.412615728536179,0.3210482269736302,0.36111777626017455,14.232338345679723,/home/output/det___MobileNetV3_large_x0_5___ai_hub_det_08_02_90_k_fold_5_3___default_config___finetune/trained_model/iter_epoch_4,['/home/dataset_labels/ai_hub_det_08_02_90_k_fold_5_3/train_label.txt']
0.4082767788427902,0.383649452680714,0.395580185401732,13.111096285684168,/home/output/det___MobileNetV3_large_x0_5___ai_hub_det_08_02_90_k_fold_5_5___default_config___finetune/trained_model/iter_epoch_40,['/home/dataset_labels/ai_hub_det_08_02_90_k_fold_5_5/val_label.txt']
0.4515015880861503,0.4049204147136325,0.4269442160384299,7.926487906637276,/home/output/det___MobileNetV3_large_x0_5___ai_hub_det_08_02_90_k_fold_5_5___default_config___finetune/trained_model/iter_epoch_34,['/home/dataset_labels/ai_hub_det_08_02_90_k_fold_5_5/train_label.txt']
0.4409967046521475,0.3934869204550121,0.4158893716388953,7.933355539863101,/home/output/det___MobileNetV3_large_x0_5___ai_hub_det_08_02_90_k_fold_5_2___default_config___finetune/trained_model/iter_epoch_13,['/home/dataset_labels/ai_hub_det_08_02_90_k_fold_5_2/train_label.txt']
0.4424164049510438,0.3951293558606125,0.4174379891579075,7.556103091274676,/home/output/det___MobileNetV3_large_x0_5___ai_hub_det_08_02_90_k_fold_5_4___default_config___finetune/trained_model/iter_epoch_40,['/home/dataset_labels/ai_hub_det_08_02_90_k_fold_5_4/val_label.txt']
0.4091503819693581,0.31932274853415904,0.3586982664520546,15.614745061224554,/home/output/det___MobileNetV3_large_x0_5___ai_hub_det_08_02_90_k_fold_5_3___default_config___finetune/trained_model/iter_epoch_4,['/home/dataset_labels/ai_hub_det_08_02_90_k_fold_5_3/val_label.txt']
0.4406943463554249,0.3889125799573561,0.4131874259427058,7.9131193589279984,/home/output/det___MobileNetV3_large_x0_5___ai_hub_det_08_02_90_k_fold_5_2___default_config___finetune/trained_model/iter_epoch_13,['/home/dataset_labels/ai_hub_det_08_02_90_k_fold_5_2/val_label.txt']
0.4395059045135116,0.3988363301666612,0.4181846381856722,7.25801350257831,/home/output/det___MobileNetV3_large_x0_5___ai_hub_det_08_02_90_k_fold_5_5___default_config___finetune/trained_model/iter_epoch_34,['/home/dataset_labels/ai_hub_det_08_02_90_k_fold_5_5/val_label.txt']
0.4428492937026994,0.4102151552713452,0.4259080119832439,13.730925843573738,/home/output/det___MobileNetV3_large_x0_5___ai_hub_det_08_02_90_k_fold_5_5___default_config___finetune/trained_model/iter_epoch_45,['/home/dataset_labels/ai_hub_det_08_02_90_k_fold_5_5/train_label.txt']
0.4321069609683743,0.34179780443379665,0.3816831660489897,13.326904096636614,/home/output/det___MobileNetV3_large_x0_5___ai_hub_det_08_02_90_k_fold_5_3___default_config___finetune/trained_model/iter_epoch_7,['/home/dataset_labels/ai_hub_det_08_02_90_k_fold_5_3/train_label.txt']
0.4293102010175995,0.33908689636998485,0.3789016489988221,12.942343567086999,/home/output/det___MobileNetV3_large_x0_5___ai_hub_det_08_02_90_k_fold_5_3___default_config___finetune/trained_model/iter_epoch_7,['/home/dataset_labels/ai_hub_det_08_02_90_k_fold_5_3/val_label.txt']
0.4539260884113471,0.401725783100816,0.42623365742114544,7.348653009136102,/home/output/det___MobileNetV3_large_x0_5___ai_hub_det_08_02_90_k_fold_5_1___default_config___finetune/trained_model/iter_epoch_34,['/home/dataset_labels/ai_hub_det_08_02_90_k_fold_5_1/train_label.txt']
0.430358837380944,0.4025179974359817,0.4159730950844175,7.58553353090379,/home/output/det___MobileNetV3_large_x0_5___ai_hub_det_08_02_90_k_fold_5_5___default_config___finetune/trained_model/iter_epoch_45,['/home/dataset_labels/ai_hub_det_08_02_90_k_fold_5_5/val_label.txt']
0.4414804903558944,0.3848137653484456,0.4112040441983131,12.909969770969848,/home/output/det___MobileNetV3_large_x0_5___ai_hub_det_08_02_90_k_fold_5_2___default_config___finetune/trained_model/iter_epoch_16,['/home/dataset_labels/ai_hub_det_08_02_90_k_fold_5_2/train_label.txt']
0.4400377714825307,0.3821551582745613,0.40905898876404495,15.06375669310959,/home/output/det___MobileNetV3_large_x0_5___ai_hub_det_08_02_90_k_fold_5_2___default_config___finetune/trained_model/iter_epoch_16,['/home/dataset_labels/ai_hub_det_08_02_90_k_fold_5_2/val_label.txt']
0.44830774921398187,0.3951486697965571,0.420053026495919,9.0904542904518,/home/output/det___MobileNetV3_large_x0_5___ai_hub_det_08_02_90_k_fold_5_1___default_config___finetune/trained_model/iter_epoch_34,['/home/dataset_labels/ai_hub_det_08_02_90_k_fold_5_1/val_label.txt']
0.4701335273716937,0.4080009185146306,0.4368691192806368,7.492113563210747,/home/output/det___MobileNetV3_large_x0_5___ai_hub_det_08_02_90_k_fold_5_4___default_config___finetune/trained_model/iter_epoch_45,['/home/dataset_labels/ai_hub_det_08_02_90_k_fold_5_4/train_label.txt']
0.4558393279582871,0.3875339643241202,0.4189205977354205,8.141706650865471,/home/output/det___MobileNetV3_large_x0_5___ai_hub_det_08_02_90_k_fold_5_5___default_config___finetune/trained_model/iter_epoch_37,['/home/dataset_labels/ai_hub_det_08_02_90_k_fold_5_5/train_label.txt']
0.4634923041928879,0.4034450897571278,0.4313891535231643,8.444564127866647,/home/output/det___MobileNetV3_large_x0_5___ai_hub_det_08_02_90_k_fold_5_4___default_config___finetune/trained_model/iter_epoch_45,['/home/dataset_labels/ai_hub_det_08_02_90_k_fold_5_4/val_label.txt']
0.465639774594502,0.3789813097914376,0.4178649454272416,14.019085546623938,/home/output/det___MobileNetV3_large_x0_5___ai_hub_det_08_02_90_k_fold_5_3___default_config___finetune/trained_model/iter_epoch_13,['/home/dataset_labels/ai_hub_det_08_02_90_k_fold_5_3/train_label.txt']
0.445416522773493,0.3815785148417212,0.4110336036259339,11.019756250041423,/home/output/det___MobileNetV3_large_x0_5___ai_hub_det_08_02_90_k_fold_5_5___default_config___finetune/trained_model/iter_epoch_37,['/home/dataset_labels/ai_hub_det_08_02_90_k_fold_5_5/val_label.txt']
0.43002817413432703,0.3886164839226315,0.4082749099380892,14.858104128336475,/home/output/det___MobileNetV3_large_x0_5___ai_hub_det_08_02_90_k_fold_5_2___default_config___finetune/trained_model/iter_epoch_19,['/home/dataset_labels/ai_hub_det_08_02_90_k_fold_5_2/train_label.txt']
0.4446868619059607,0.3923236377994209,0.4168673329808016,15.143935731515374,/home/output/det___MobileNetV3_large_x0_5___ai_hub_det_08_02_90_k_fold_5_1___default_config___finetune/trained_model/iter_epoch_37,['/home/dataset_labels/ai_hub_det_08_02_90_k_fold_5_1/train_label.txt']
0.43088687253036734,0.3863211415450221,0.4073888302748327,14.627882663923016,/home/output/det___MobileNetV3_large_x0_5___ai_hub_det_08_02_90_k_fold_5_2___default_config___finetune/trained_model/iter_epoch_19,['/home/dataset_labels/ai_hub_det_08_02_90_k_fold_5_2/val_label.txt']
0.4407836153161176,0.3873239436619718,0.4123281965847563,14.398448309559667,/home/output/det___MobileNetV3_large_x0_5___ai_hub_det_08_02_90_k_fold_5_1___default_config___finetune/trained_model/iter_epoch_37,['/home/dataset_labels/ai_hub_det_08_02_90_k_fold_5_1/val_label.txt']
0.4398124768541897,0.4285444823513975,0.43410537159187196,11.303028794882627,/home/output/det___MobileNetV3_large_x0_5___ai_hub_det_08_02_90_k_fold_5_4___default_config___finetune/trained_model/iter_epoch_50,['/home/dataset_labels/ai_hub_det_08_02_90_k_fold_5_4/train_label.txt']
0.4224674589700057,0.3921884106748537,0.40676523049547264,12.60904949577807,/home/output/det___MobileNetV3_large_x0_5___ai_hub_det_08_02_90_k_fold_5_5___default_config___finetune/trained_model/iter_epoch_40,['/home/dataset_labels/ai_hub_det_08_02_90_k_fold_5_5/train_label.txt']
0.4341126997476871,0.4258183738120379,0.4299255359909377,16.14689667615157,/home/output/det___MobileNetV3_large_x0_5___ai_hub_det_08_02_90_k_fold_5_4___default_config___finetune/trained_model/iter_epoch_50,['/home/dataset_labels/ai_hub_det_08_02_90_k_fold_5_4/val_label.txt']
0.4082767788427902,0.383649452680714,0.395580185401732,14.188854014612074,/home/output/det___MobileNetV3_large_x0_5___ai_hub_det_08_02_90_k_fold_5_5___default_config___finetune/trained_model/iter_epoch_40,['/home/dataset_labels/ai_hub_det_08_02_90_k_fold_5_5/val_label.txt']
0.4553832257072571,0.3898147538826007,0.4200556658629982,14.788895672373304,/home/output/det___MobileNetV3_large_x0_5___ai_hub_det_08_02_90_k_fold_5_1___default_config___finetune/trained_model/iter_epoch_40,['/home/dataset_labels/ai_hub_det_08_02_90_k_fold_5_1/train_label.txt']
0.4666596690776542,0.4016672826577964,0.431731206384378,11.355323165802936,/home/output/det___MobileNetV3_large_x0_5___ai_hub_det_08_02_90_k_fold_5_2___default_config___finetune/trained_model/iter_epoch_22,['/home/dataset_labels/ai_hub_det_08_02_90_k_fold_5_2/train_label.txt']
0.4486106333371555,0.3826617110067814,0.4130201460367731,9.458856741467814,/home/output/det___MobileNetV3_large_x0_5___ai_hub_det_08_02_90_k_fold_5_1___default_config___finetune/trained_model/iter_epoch_40,['/home/dataset_labels/ai_hub_det_08_02_90_k_fold_5_1/val_label.txt']
0.4445061508477063,0.3478956173730481,0.3903114505221511,17.973290328773608,/home/output/det___MobileNetV3_large_x0_5___ai_hub_det_08_02_90_k_fold_5_4___default_config___finetune/trained_model/iter_epoch_4,['/home/dataset_labels/ai_hub_det_08_02_90_k_fold_5_4/train_label.txt']
0.4650895728066146,0.3985566672133836,0.4292603649596354,19.402291208148373,/home/output/det___MobileNetV3_large_x0_5___ai_hub_det_08_02_90_k_fold_5_2___default_config___finetune/trained_model/iter_epoch_22,['/home/dataset_labels/ai_hub_det_08_02_90_k_fold_5_2/val_label.txt']
0.4425367167445188,0.3470168954593453,0.3889988347790704,18.19015840944922,/home/output/det___MobileNetV3_large_x0_5___ai_hub_det_08_02_90_k_fold_5_4___default_config___finetune/trained_model/iter_epoch_4,['/home/dataset_labels/ai_hub_det_08_02_90_k_fold_5_4/val_label.txt']
0.4209267002025217,0.42312775511209255,0.4220243577934705,17.995790782698574,/home/output/det___MobileNetV3_large_x0_5___ai_hub_det_08_02_90_k_fold_5_5___default_config___finetune/trained_model/iter_epoch_43,['/home/dataset_labels/ai_hub_det_08_02_90_k_fold_5_5/train_label.txt']
0.4077210380578273,0.41625850563755296,0.41194554238032505,19.81029431949881,/home/output/det___MobileNetV3_large_x0_5___ai_hub_det_08_02_90_k_fold_5_5___default_config___finetune/trained_model/iter_epoch_43,['/home/dataset_labels/ai_hub_det_08_02_90_k_fold_5_5/val_label.txt']
0.4591719378953422,0.3934951336700752,0.4238041531214755,18.38736454997182,/home/output/det___MobileNetV3_large_x0_5___ai_hub_det_08_02_90_k_fold_5_2___default_config___finetune/trained_model/iter_epoch_28,['/home/dataset_labels/ai_hub_det_08_02_90_k_fold_5_2/train_label.txt']
0.4201466693827664,0.3721214407558063,0.39467847295310826,17.771057627873837,/home/output/det___MobileNetV3_large_x0_5___ai_hub_det_08_02_90_k_fold_5_4___default_config___finetune/trained_model/iter_epoch_7,['/home/dataset_labels/ai_hub_det_08_02_90_k_fold_5_4/train_label.txt']
0.4547926320223644,0.38956864031490895,0.41966147213682464,18.928598666098583,/home/output/det___MobileNetV3_large_x0_5___ai_hub_det_08_02_90_k_fold_5_2___default_config___finetune/trained_model/iter_epoch_28,['/home/dataset_labels/ai_hub_det_08_02_90_k_fold_5_2/val_label.txt']
0.4179121041728322,0.3727890707497361,0.3940630668341007,14.98919308034009,/home/output/det___MobileNetV3_large_x0_5___ai_hub_det_08_02_90_k_fold_5_4___default_config___finetune/trained_model/iter_epoch_7,['/home/dataset_labels/ai_hub_det_08_02_90_k_fold_5_4/val_label.txt']
0.4473804181676783,0.4108390316781455,0.4283317928177741,16.762070781680347,/home/output/det___MobileNetV3_large_x0_5___ai_hub_det_08_02_90_k_fold_5_5___default_config___finetune/trained_model/iter_epoch_46,['/home/dataset_labels/ai_hub_det_08_02_90_k_fold_5_5/train_label.txt']
0.43374091795144426,0.4022878932316492,0.4174227437069377,19.139093850758364,/home/output/det___MobileNetV3_large_x0_5___ai_hub_det_08_02_90_k_fold_5_5___default_config___finetune/trained_model/iter_epoch_46,['/home/dataset_labels/ai_hub_det_08_02_90_k_fold_5_5/val_label.txt']
0.4264743905185284,0.4199663258182416,0.4231953387515933,19.403583221868626,/home/output/det___MobileNetV3_large_x0_5___ai_hub_det_08_02_90_k_fold_5_2___default_config___finetune/trained_model/iter_epoch_31,['/home/dataset_labels/ai_hub_det_08_02_90_k_fold_5_2/train_label.txt']
0.4238959122765836,0.4146629489913072,0.4192286008025735,22.000982915822487,/home/output/det___MobileNetV3_large_x0_5___ai_hub_det_08_02_90_k_fold_5_2___default_config___finetune/trained_model/iter_epoch_31,['/home/dataset_labels/ai_hub_det_08_02_90_k_fold_5_2/val_label.txt']
0.4405166674064539,0.4073420402400281,0.4232803330148765,20.44797212778412,/home/output/det___MobileNetV3_large_x0_5___ai_hub_det_08_02_90_k_fold_5_5___default_config___finetune/trained_model/iter_epoch_49,['/home/dataset_labels/ai_hub_det_08_02_90_k_fold_5_5/train_label.txt']
0.4251137847087464,0.3960750797146708,0.4100810019739977,21.435526466550886,/home/output/det___MobileNetV3_large_x0_5___ai_hub_det_08_02_90_k_fold_5_5___default_config___finetune/trained_model/iter_epoch_49,['/home/dataset_labels/ai_hub_det_08_02_90_k_fold_5_5/val_label.txt']
0.466938643615947,0.3807892483035773,0.4194865281683752,11.968639516063519,/home/output/det___MobileNetV3_large_x0_5___ai_hub_det_08_02_90_k_fold_5_3___default_config___finetune/trained_model/iter_epoch_16,['/home/dataset_labels/ai_hub_det_08_02_90_k_fold_5_3/val_label.txt']
0.4592507976523417,0.3840503326964886,0.41829760516638265,8.775197071587074,/home/output/det___MobileNetV3_large_x0_5___ai_hub_det_08_02_90_k_fold_5_3___default_config___finetune/trained_model/iter_epoch_19,['/home/dataset_labels/ai_hub_det_08_02_90_k_fold_5_3/val_label.txt']
0.4671928759360454,0.38019632386850255,0.419228883279153,8.765911820812164,/home/output/det___MobileNetV3_large_x0_5___ai_hub_det_08_02_90_k_fold_5_3___default_config___finetune/trained_model/iter_epoch_13,['/home/dataset_labels/ai_hub_det_08_02_90_k_fold_5_3/val_label.txt']
0.4604693953451954,0.3860127008089792,0.4199664369621881,14.809322868970922,/home/output/det___MobileNetV3_large_x0_5___ai_hub_det_08_02_90_k_fold_5_3___default_config___finetune/trained_model/iter_epoch_19,['/home/dataset_labels/ai_hub_det_08_02_90_k_fold_5_3/train_label.txt']
0.4709575979922795,0.3833790059237624,0.4226794331950846,14.095304077363007,/home/output/det___MobileNetV3_large_x0_5___ai_hub_det_08_02_90_k_fold_5_3___default_config___finetune/trained_model/iter_epoch_16,['/home/dataset_labels/ai_hub_det_08_02_90_k_fold_5_3/train_label.txt']
0.4523797156572808,0.3942348409404852,0.4213106043523481,11.789080467327993,/home/output/det___MobileNetV3_large_x0_5___ai_hub_det_08_02_90_random_k_fold_5_1___default_config___finetune/trained_model/iter_epoch_20,['/home/labelsets/ai_hub_det_08_02_90/test_label.txt']
0.4504907426801425,0.37843694421162377,0.4113322374229202,11.677313478584008,/home/output/det___MobileNetV3_large_x0_5___ai_hub_det_08_02_90_random_k_fold_5_5___default_config___finetune/trained_model/iter_epoch_20,['/home/labelsets/ai_hub_det_08_02_90/test_label.txt']
0.4651593529848675,0.3621330884092296,0.4072310701037936,10.289424632825687,/home/output/det___MobileNetV3_large_x0_5___ai_hub_det_08_02_90_random_k_fold_5_4___default_config___finetune/trained_model/iter_epoch_20,['/home/labelsets/ai_hub_det_08_02_90/test_label.txt']
0.4530985687967732,0.3952248560973544,0.4221876029722294,10.244638051799145,/home/output/det___MobileNetV3_large_x0_5___ai_hub_det_08_02_90_random_k_fold_5_3___default_config___finetune/trained_model/iter_epoch_20,['/home/labelsets/ai_hub_det_08_02_90/test_label.txt']
0.42353792130284373,0.39160210151889935,0.406944415466176,10.449243809001494,/home/output/det___MobileNetV3_large_x0_5___ai_hub_det_08_02_90_random_k_fold_5_2___default_config___finetune/trained_model/iter_epoch_20,['/home/labelsets/ai_hub_det_08_02_90/test_label.txt']
